ort,landkreis,plz,Bundesland,Paragraph,Revier
Aachen,Städteregion Aachen,52062,Nordrhein-Westfalen,§2,Rheinisches Braunkohlerevier
Aachen,Städteregion Aachen,52064,Nordrhein-Westfalen,§2,Rheinisches Braunkohlerevier
Aachen,Städteregion Aachen,52066,Nordrhein-Westfalen,§2,Rheinisches Braunkohlerevier
Aachen,Städteregion Aachen,52068,Nordrhein-Westfalen,§2,Rheinisches Braunkohlerevier
Aachen,Städteregion Aachen,52070,Nordrhein-Westfalen,§2,Rheinisches Braunkohlerevier
Aachen,Städteregion Aachen,52072,Nordrhein-Westfalen,§2,Rheinisches Braunkohlerevier
Aachen,Städteregion Aachen,52074,Nordrhein-Westfalen,§2,Rheinisches Braunkohlerevier
Aachen,Städteregion Aachen,52076,Nordrhein-Westfalen,§2,Rheinisches Braunkohlerevier
Aachen,Städteregion Aachen,52078,Nordrhein-Westfalen,§2,Rheinisches Braunkohlerevier
Aachen,Städteregion Aachen,52080,Nordrhein-Westfalen,§2,Rheinisches Braunkohlerevier
Admannshagen-Bargeshagen,Landkreis Rostock,18211,Mecklenburg-Vorpommern,§11/12,Steinkohlenbergbaugebiete
Ahlsdorf,Landkreis Mansfeld-Südharz,06313,Sachsen-Anhalt,§2,Mitteldeutsches Braunkohlerevier
Aken (Elbe),Landkreis Anhalt-Bitterfeld,06385,Sachsen-Anhalt,§2,Mitteldeutsches Braunkohlerevier
Aken (Elbe),Landkreis Anhalt-Bitterfeld,06386,Sachsen-Anhalt,§2,Mitteldeutsches Braunkohlerevier
Aldenhoven,Kreis Düren,52457,Nordrhein-Westfalen,§2,Rheinisches Braunkohlerevier
Allstedt,Landkreis Mansfeld-Südharz,06542,Sachsen-Anhalt,§2,Mitteldeutsches Braunkohlerevier
Alsdorf,Städteregion Aachen,52477,Nordrhein-Westfalen,§2,Rheinisches Braunkohlerevier
Alt Bukow,Landkreis Rostock,18233,Mecklenburg-Vorpommern,§11/12,Steinkohlenbergbaugebiete
Altdöbern,Landkreis Oberspreewald-Lausitz,03229,Brandenburg,§2,Lausitzer Braunkohlerevier
Altenburg,Landkreis Altenburger Land,04600,Thüringen,§11/12,Steinkohlenbergbaugebiete
Altkalen,Landkreis Rostock,17179,Mecklenburg-Vorpommern,§11/12,Steinkohlenbergbaugebiete
Alt Sührkow,Landkreis Rostock,17166,Mecklenburg-Vorpommern,§11/12,Steinkohlenbergbaugebiete
Alt Zauche-Wußwerk,Landkreis Dahme-Spreewald,15913,Brandenburg,§2,Lausitzer Braunkohlerevier
Am Salzhaff,Landkreis Rostock,18233,Mecklenburg-Vorpommern,§11/12,Steinkohlenbergbaugebiete
An der Poststraße,Burgenlandkreis,06647,Sachsen-Anhalt,§2,Mitteldeutsches Braunkohlerevier
Arnsdorf,Landkreis Bautzen,01477,Sachsen,§2,Lausitzer Braunkohlerevier
Arnstein,Landkreis Mansfeld-Südharz,06456,Sachsen-Anhalt,§2,Mitteldeutsches Braunkohlerevier
Arzberg,Landkreis Nordsachsen,04886,Sachsen,§2,Mitteldeutsches Braunkohlerevier
Bad Bibra,Burgenlandkreis,06647,Sachsen-Anhalt,§2,Mitteldeutsches Braunkohlerevier
Bad Doberan,Landkreis Rostock,18209,Mecklenburg-Vorpommern,§11/12,Steinkohlenbergbaugebiete
Bad Düben,Landkreis Nordsachsen,04849,Sachsen,§2,Mitteldeutsches Braunkohlerevier
Bad Dürrenberg,Saalekreis,06231,Sachsen-Anhalt,§2,Mitteldeutsches Braunkohlerevier
Bad Lausick,Landkreis Leipzig,04651,Sachsen,§2,Mitteldeutsches Braunkohlerevier
Bad Liebenwerda,Landkreis Elbe-Elster,04895,Brandenburg,§2,Lausitzer Braunkohlerevier
Bad Liebenwerda,Landkreis Elbe-Elster,04924,Brandenburg,§2,Lausitzer Braunkohlerevier
Bad Liebenwerda,Landkreis Elbe-Elster,04931,Brandenburg,§2,Lausitzer Braunkohlerevier
Bad Münstereifel,Kreis Euskirchen,53902,Nordrhein-Westfalen,§2,Rheinisches Braunkohlerevier
Bad Muskau - Mužakow,Landkreis Görlitz,02953,Sachsen,§2,Lausitzer Braunkohlerevier
Baesweiler,Städteregion Aachen,52499,Nordrhein-Westfalen,§2,Rheinisches Braunkohlerevier
Bahrdorf,Landkreis Helmstedt,38459,Niedersachsen,§11/12,Steinkohlenbergbaugebiete
Balgstädt,Burgenlandkreis,06632,Sachsen-Anhalt,§2,Mitteldeutsches Braunkohlerevier
Barnstädt,Saalekreis,06268,Sachsen-Anhalt,§2,Mitteldeutsches Braunkohlerevier
Bartenshagen-Parkentin,Landkreis Rostock,18209,Mecklenburg-Vorpommern,§11/12,Steinkohlenbergbaugebiete
Bastorf,Landkreis Rostock,18230,Mecklenburg-Vorpommern,§11/12,Steinkohlenbergbaugebiete
Baumgarten,Landkreis Rostock,18246,Mecklenburg-Vorpommern,§11/12,Steinkohlenbergbaugebiete
Bautzen - Budyšin,Landkreis Bautzen,02625,Sachsen,§2,Lausitzer Braunkohlerevier
Bedburg,Rhein-Erft-Kreis,50181,Nordrhein-Westfalen,§2,Rheinisches Braunkohlerevier
Behren-Lübchin,Landkreis Rostock,17179,Mecklenburg-Vorpommern,§11/12,Steinkohlenbergbaugebiete
Beiersdorf,Landkreis Görlitz,02736,Sachsen,§2,Lausitzer Braunkohlerevier
Beierstedt,Landkreis Helmstedt,38382,Niedersachsen,§11/12,Steinkohlenbergbaugebiete
Beilrode,Landkreis Nordsachsen,04886,Sachsen,§2,Mitteldeutsches Braunkohlerevier
Belgern-Schildau,Landkreis Nordsachsen,04874,Sachsen,§2,Mitteldeutsches Braunkohlerevier
Belgern-Schildau,Landkreis Nordsachsen,04889,Sachsen,§2,Mitteldeutsches Braunkohlerevier
Belgershain,Landkreis Leipzig,04683,Sachsen,§2,Mitteldeutsches Braunkohlerevier
Benitz,Landkreis Rostock,18258,Mecklenburg-Vorpommern,§11/12,Steinkohlenbergbaugebiete
Benndorf,Landkreis Mansfeld-Südharz,06308,Sachsen-Anhalt,§2,Mitteldeutsches Braunkohlerevier
Bennewitz,Landkreis Leipzig,04828,Sachsen,§2,Mitteldeutsches Braunkohlerevier
Bentwisch,Landkreis Rostock,18182,Mecklenburg-Vorpommern,§11/12,Steinkohlenbergbaugebiete
Berga,Landkreis Mansfeld-Südharz,06536,Sachsen-Anhalt,§2,Mitteldeutsches Braunkohlerevier
Bergheim,Rhein-Erft-Kreis,50126,Nordrhein-Westfalen,§2,Rheinisches Braunkohlerevier
Bergheim,Rhein-Erft-Kreis,50127,Nordrhein-Westfalen,§2,Rheinisches Braunkohlerevier
Bergheim,Rhein-Erft-Kreis,50129,Nordrhein-Westfalen,§2,Rheinisches Braunkohlerevier
Bergkamen,Kreis Unna,59192,Nordrhein-Westfalen,§11/12,Steinkohlenbergbaugebiete
Bernitt,Landkreis Rostock,18246,Mecklenburg-Vorpommern,§11/12,Steinkohlenbergbaugebiete
Bernitt,Landkreis Rostock,18249,Mecklenburg-Vorpommern,§11/12,Steinkohlenbergbaugebiete
Bernsdorf,Landkreis Bautzen,02994,Sachsen,§2,Lausitzer Braunkohlerevier
Bernstadt auf dem Eigen,Landkreis Görlitz,02748,Sachsen,§2,Lausitzer Braunkohlerevier
Bersteland,Landkreis Dahme-Spreewald,15910,Brandenburg,§2,Lausitzer Braunkohlerevier
Bertsdorf-Hörnitz,Landkreis Görlitz,02763,Sachsen,§2,Lausitzer Braunkohlerevier
Bestensee,Landkreis Dahme-Spreewald,15741,Brandenburg,§2,Lausitzer Braunkohlerevier
Biendorf,Landkreis Rostock,18230,Mecklenburg-Vorpommern,§11/12,Steinkohlenbergbaugebiete
Bischofswerda,Landkreis Bautzen,01877,Sachsen,§2,Lausitzer Braunkohlerevier
Bitterfeld-Wolfen,Landkreis Anhalt-Bitterfeld,06749,Sachsen-Anhalt,§2,Mitteldeutsches Braunkohlerevier
Bitterfeld-Wolfen,Landkreis Anhalt-Bitterfeld,06766,Sachsen-Anhalt,§2,Mitteldeutsches Braunkohlerevier
Bitterfeld-Wolfen,Landkreis Anhalt-Bitterfeld,06803,Sachsen-Anhalt,§2,Mitteldeutsches Braunkohlerevier
Bitterfeld-Wolfen,Landkreis Anhalt-Bitterfeld,06808,Sachsen-Anhalt,§2,Mitteldeutsches Braunkohlerevier
Blankenhagen,Landkreis Rostock,18182,Mecklenburg-Vorpommern,§11/12,Steinkohlenbergbaugebiete
Blankenheim,Kreis Euskirchen,53945,Nordrhein-Westfalen,§2,Rheinisches Braunkohlerevier
Blankenheim,Landkreis Mansfeld-Südharz,06528,Sachsen-Anhalt,§2,Mitteldeutsches Braunkohlerevier
Böhlen,Landkreis Leipzig,04564,Sachsen,§2,Mitteldeutsches Braunkohlerevier
Bönen,Kreis Unna,59199,Nordrhein-Westfalen,§11/12,Steinkohlenbergbaugebiete
Börgerende-Rethwisch,Landkreis Rostock,18211,Mecklenburg-Vorpommern,§11/12,Steinkohlenbergbaugebiete
Borna,Landkreis Leipzig,04552,Sachsen,§2,Mitteldeutsches Braunkohlerevier
Bornstedt,Landkreis Mansfeld-Südharz,06295,Sachsen-Anhalt,§2,Mitteldeutsches Braunkohlerevier
Borsdorf,Landkreis Leipzig,04451,Sachsen,§2,Mitteldeutsches Braunkohlerevier
Bous,Landkreis Saarlouis,66359,Saarland,§11/12,Steinkohlenbergbaugebiete
Boxberg/O.L. - Hamor,Landkreis Görlitz,02943,Sachsen,§2,Lausitzer Braunkohlerevier
Brandis,Landkreis Leipzig,04821,Sachsen,§2,Mitteldeutsches Braunkohlerevier
Brandis,Landkreis Leipzig,04824,Sachsen,§2,Mitteldeutsches Braunkohlerevier
Braunsbedra,Saalekreis,06242,Sachsen-Anhalt,§2,Mitteldeutsches Braunkohlerevier
Braunsbedra,Saalekreis,06259,Sachsen-Anhalt,§2,Mitteldeutsches Braunkohlerevier
Briesen,Landkreis Spree-Neiße,03096,Brandenburg,§2,Lausitzer Braunkohlerevier
Bröbberow,Landkreis Rostock,18258,Mecklenburg-Vorpommern,§11/12,Steinkohlenbergbaugebiete
Broderstorf,Landkreis Rostock,18184,Mecklenburg-Vorpommern,§11/12,Steinkohlenbergbaugebiete
Bronkow,Landkreis Oberspreewald-Lausitz,03205,Brandenburg,§2,Lausitzer Braunkohlerevier
Brücken-Hackpfüffel,Landkreis Mansfeld-Südharz,06528,Sachsen-Anhalt,§2,Mitteldeutsches Braunkohlerevier
Brühl,Rhein-Erft-Kreis,50321,Nordrhein-Westfalen,§2,Rheinisches Braunkohlerevier
Burg (Spreewald),Landkreis Spree-Neiße,03096,Brandenburg,§2,Lausitzer Braunkohlerevier
Burkau - Porchow,Landkreis Bautzen,01906,Sachsen,§2,Lausitzer Braunkohlerevier
Bützow,Landkreis Rostock,18246,Mecklenburg-Vorpommern,§11/12,Steinkohlenbergbaugebiete
Byhleguhre-Byhlen,Landkreis Dahme-Spreewald,15913,Brandenburg,§2,Lausitzer Braunkohlerevier
Calau,Landkreis Oberspreewald-Lausitz,03205,Brandenburg,§2,Lausitzer Braunkohlerevier
Cammin,Landkreis Rostock,18195,Mecklenburg-Vorpommern,§11/12,Steinkohlenbergbaugebiete
Carinerland,Landkreis Rostock,18233,Mecklenburg-Vorpommern,§11/12,Steinkohlenbergbaugebiete
Cavertitz,Landkreis Nordsachsen,04758,Sachsen,§2,Mitteldeutsches Braunkohlerevier
Colditz,Landkreis Leipzig,04680,Sachsen,§2,Mitteldeutsches Braunkohlerevier
Crinitz,Landkreis Elbe-Elster,03246,Brandenburg,§2,Lausitzer Braunkohlerevier
Crostwitz - Chrósćicy,Landkreis Bautzen,01920,Sachsen,§2,Lausitzer Braunkohlerevier
Cunewalde,Landkreis Bautzen,02733,Sachsen,§2,Lausitzer Braunkohlerevier
Dahlem,Kreis Euskirchen,53949,Nordrhein-Westfalen,§2,Rheinisches Braunkohlerevier
Dahlen,Landkreis Nordsachsen,04774,Sachsen,§2,Mitteldeutsches Braunkohlerevier
Dahmen,Landkreis Rostock,17166,Mecklenburg-Vorpommern,§11/12,Steinkohlenbergbaugebiete
Dalkendorf,Landkreis Rostock,17166,Mecklenburg-Vorpommern,§11/12,Steinkohlenbergbaugebiete
Danndorf,Landkreis Helmstedt,38461,Niedersachsen,§11/12,Steinkohlenbergbaugebiete
Delitzsch,Landkreis Nordsachsen,04509,Sachsen,§2,Mitteldeutsches Braunkohlerevier
Demitz-Thumitz,Landkreis Bautzen,01877,Sachsen,§2,Lausitzer Braunkohlerevier
Dillingen/Saar,Landkreis Saarlouis,66763,Saarland,§11/12,Steinkohlenbergbaugebiete
Dissen-Striesow,Landkreis Spree-Neiße,03096,Brandenburg,§2,Lausitzer Braunkohlerevier
Dobbin-Linstow,Landkreis Rostock,18292,Mecklenburg-Vorpommern,§11/12,Steinkohlenbergbaugebiete
Doberlug-Kirchhain,Landkreis Elbe-Elster,03253,Brandenburg,§2,Lausitzer Braunkohlerevier
Döbern,Landkreis Spree-Neiße,03159,Brandenburg,§2,Lausitzer Braunkohlerevier
Doberschau-Gaußig - Dobruša-Huska,Landkreis Bautzen,01877,Sachsen,§2,Lausitzer Braunkohlerevier
Doberschau-Gaußig - Dobruša-Huska,Landkreis Bautzen,02633,Sachsen,§2,Lausitzer Braunkohlerevier
Doberschau-Gaußig - Dobruša-Huska,Landkreis Bautzen,02692,Sachsen,§2,Lausitzer Braunkohlerevier
Doberschütz,Landkreis Nordsachsen,04838,Sachsen,§2,Mitteldeutsches Braunkohlerevier
Dobitschen,Landkreis Altenburger Land,04626,Thüringen,§11/12,Steinkohlenbergbaugebiete
Dolgen am See,Landkreis Rostock,18299,Mecklenburg-Vorpommern,§11/12,Steinkohlenbergbaugebiete
Dommitzsch,Landkreis Nordsachsen,04880,Sachsen,§2,Mitteldeutsches Braunkohlerevier
Dormagen,Rhein-Kreis Neuss,41539,Nordrhein-Westfalen,§2,Rheinisches Braunkohlerevier
Dormagen,Rhein-Kreis Neuss,41540,Nordrhein-Westfalen,§2,Rheinisches Braunkohlerevier
Dormagen,Rhein-Kreis Neuss,41541,Nordrhein-Westfalen,§2,Rheinisches Braunkohlerevier
Dormagen,Rhein-Kreis Neuss,41542,Nordrhein-Westfalen,§2,Rheinisches Braunkohlerevier
Drachhausen,Landkreis Spree-Neiße,03185,Brandenburg,§2,Lausitzer Braunkohlerevier
Drahnsdorf,Landkreis Dahme-Spreewald,15938,Brandenburg,§2,Lausitzer Braunkohlerevier
Drebkau,Landkreis Spree-Neiße,03116,Brandenburg,§2,Lausitzer Braunkohlerevier
Dreetz,Landkreis Rostock,18249,Mecklenburg-Vorpommern,§11/12,Steinkohlenbergbaugebiete
Drehnow,Landkreis Spree-Neiße,03185,Brandenburg,§2,Lausitzer Braunkohlerevier
Dreiheide,Landkreis Nordsachsen,04860,Sachsen,§2,Mitteldeutsches Braunkohlerevier
Droyßig,Burgenlandkreis,06722,Sachsen-Anhalt,§2,Mitteldeutsches Braunkohlerevier
Dummerstorf,Landkreis Rostock,18196,Mecklenburg-Vorpommern,§11/12,Steinkohlenbergbaugebiete
Düren,Kreis Düren,52349,Nordrhein-Westfalen,§2,Rheinisches Braunkohlerevier
Düren,Kreis Düren,52351,Nordrhein-Westfalen,§2,Rheinisches Braunkohlerevier
Düren,Kreis Düren,52353,Nordrhein-Westfalen,§2,Rheinisches Braunkohlerevier
Düren,Kreis Düren,52355,Nordrhein-Westfalen,§2,Rheinisches Braunkohlerevier
Dürrhennersdorf,Landkreis Görlitz,02708,Sachsen,§2,Lausitzer Braunkohlerevier
Ebersbach-Neugersdorf,Landkreis Görlitz,02727,Sachsen,§2,Lausitzer Braunkohlerevier
Ebersbach-Neugersdorf,Landkreis Görlitz,02730,Sachsen,§2,Lausitzer Braunkohlerevier
Eckartsberga,Burgenlandkreis,06648,Sachsen-Anhalt,§2,Mitteldeutsches Braunkohlerevier
Edersleben,Landkreis Mansfeld-Südharz,06528,Sachsen-Anhalt,§2,Mitteldeutsches Braunkohlerevier
Eichwalde,Landkreis Dahme-Spreewald,15732,Brandenburg,§2,Lausitzer Braunkohlerevier
Eilenburg,Landkreis Nordsachsen,04838,Sachsen,§2,Mitteldeutsches Braunkohlerevier
Elmenhorst/Lichtenhagen,Landkreis Rostock,18107,Mecklenburg-Vorpommern,§11/12,Steinkohlenbergbaugebiete
Elsdorf,Rhein-Erft-Kreis,50189,Nordrhein-Westfalen,§2,Rheinisches Braunkohlerevier
Elsnig,Landkreis Nordsachsen,04880,Sachsen,§2,Mitteldeutsches Braunkohlerevier
Elsteraue,Burgenlandkreis,06729,Sachsen-Anhalt,§2,Mitteldeutsches Braunkohlerevier
Elsterheide - Halštrowska Hola,Landkreis Bautzen,02979,Sachsen,§2,Lausitzer Braunkohlerevier
Elstertrebnitz,Landkreis Leipzig,04523,Sachsen,§2,Mitteldeutsches Braunkohlerevier
Elsterwerda,Landkreis Elbe-Elster,04910,Brandenburg,§2,Lausitzer Braunkohlerevier
Elstra - Halštrow,Landkreis Bautzen,01920,Sachsen,§2,Lausitzer Braunkohlerevier
Ensdorf/Saar,Landkreis Saarlouis,66806,Saarland,§11/12,Steinkohlenbergbaugebiete
Erftstadt,Rhein-Erft-Kreis,50374,Nordrhein-Westfalen,§2,Rheinisches Braunkohlerevier
Erkelenz,Kreis Heinsberg,41812,Nordrhein-Westfalen,§2,Rheinisches Braunkohlerevier
Eschweiler,Städteregion Aachen,52249,Nordrhein-Westfalen,§2,Rheinisches Braunkohlerevier
Euskirchen,Kreis Euskirchen,53879,Nordrhein-Westfalen,§2,Rheinisches Braunkohlerevier
Euskirchen,Kreis Euskirchen,53881,Nordrhein-Westfalen,§2,Rheinisches Braunkohlerevier
Falkenberg/Elster,Landkreis Elbe-Elster,04895,Brandenburg,§2,Lausitzer Braunkohlerevier
Farnstädt,Saalekreis,06279,Sachsen-Anhalt,§2,Mitteldeutsches Braunkohlerevier
Felixsee,Landkreis Spree-Neiße,03130,Brandenburg,§2,Lausitzer Braunkohlerevier
Fichtwald,Landkreis Elbe-Elster,04936,Brandenburg,§2,Lausitzer Braunkohlerevier
Finkenthal,Landkreis Rostock,17179,Mecklenburg-Vorpommern,§11/12,Steinkohlenbergbaugebiete
Finne,Burgenlandkreis,06647,Sachsen-Anhalt,§2,Mitteldeutsches Braunkohlerevier
Finneland,Burgenlandkreis,06647,Sachsen-Anhalt,§2,Mitteldeutsches Braunkohlerevier
Finsterwalde,Landkreis Elbe-Elster,03238,Brandenburg,§2,Lausitzer Braunkohlerevier
Fockendorf,Landkreis Altenburger Land,04617,Thüringen,§11/12,Steinkohlenbergbaugebiete
Forst (Lausitz) - Baršć,Landkreis Spree-Neiße,03149,Brandenburg,§2,Lausitzer Braunkohlerevier
Frankenthal,Landkreis Bautzen,01909,Sachsen,§2,Lausitzer Braunkohlerevier
Frauendorf,Landkreis Oberspreewald-Lausitz,01945,Brandenburg,§2,Lausitzer Braunkohlerevier
Frechen,Rhein-Erft-Kreis,50226,Nordrhein-Westfalen,§2,Rheinisches Braunkohlerevier
Frellstedt,Landkreis Helmstedt,38373,Niedersachsen,§11/12,Steinkohlenbergbaugebiete
Freyburg (Unstrut),Burgenlandkreis,06632,Sachsen-Anhalt,§2,Mitteldeutsches Braunkohlerevier
Friedrichsthal,Regionalverband Saarbrücken,66299,Saarland,§11/12,Steinkohlenbergbaugebiete
Frohburg,Landkreis Leipzig,04654,Sachsen,§2,Mitteldeutsches Braunkohlerevier
Fröndenberg/Ruhr,Kreis Unna,58730,Nordrhein-Westfalen,§11/12,Steinkohlenbergbaugebiete
Gablenz - Jabłońc,Landkreis Görlitz,02953,Sachsen,§2,Lausitzer Braunkohlerevier
Gangelt,Kreis Heinsberg,52538,Nordrhein-Westfalen,§2,Rheinisches Braunkohlerevier
Geilenkirchen,Kreis Heinsberg,52511,Nordrhein-Westfalen,§2,Rheinisches Braunkohlerevier
Geithain,Landkreis Leipzig,04643,Sachsen,§2,Mitteldeutsches Braunkohlerevier
Gelbensande,Landkreis Rostock,18182,Mecklenburg-Vorpommern,§11/12,Steinkohlenbergbaugebiete
Gerbstedt,Landkreis Mansfeld-Südharz,06347,Sachsen-Anhalt,§2,Mitteldeutsches Braunkohlerevier
Gerstenberg,Landkreis Altenburger Land,04617,Thüringen,§11/12,Steinkohlenbergbaugebiete
Gevensleben,Landkreis Helmstedt,38384,Niedersachsen,§11/12,Steinkohlenbergbaugebiete
Glasewitz,Landkreis Rostock,18276,Mecklenburg-Vorpommern,§11/12,Steinkohlenbergbaugebiete
Gleina,Burgenlandkreis,06632,Sachsen-Anhalt,§2,Mitteldeutsches Braunkohlerevier
Gnewitz,Landkreis Rostock,18195,Mecklenburg-Vorpommern,§11/12,Steinkohlenbergbaugebiete
Gnoien,Landkreis Rostock,17179,Mecklenburg-Vorpommern,§11/12,Steinkohlenbergbaugebiete
Göda - Hodźij,Landkreis Bautzen,02633,Sachsen,§2,Lausitzer Braunkohlerevier
Goethestadt Bad Lauchstädt,Saalekreis,06246,Sachsen-Anhalt,§2,Mitteldeutsches Braunkohlerevier
Göhren,Landkreis Altenburger Land,04603,Thüringen,§11/12,Steinkohlenbergbaugebiete
Göllnitz,Landkreis Altenburger Land,04626,Thüringen,§11/12,Steinkohlenbergbaugebiete
Golßen,Landkreis Dahme-Spreewald,15938,Brandenburg,§2,Lausitzer Braunkohlerevier
Göpfersdorf,Landkreis Altenburger Land,04618,Thüringen,§11/12,Steinkohlenbergbaugebiete
Gorden-Staupitz,Landkreis Elbe-Elster,03238,Brandenburg,§2,Lausitzer Braunkohlerevier
Görlitz,Landkreis Görlitz,02826,Sachsen,§2,Lausitzer Braunkohlerevier
Görlitz,Landkreis Görlitz,02827,Sachsen,§2,Lausitzer Braunkohlerevier
Görlitz,Landkreis Görlitz,02828,Sachsen,§2,Lausitzer Braunkohlerevier
Goseck,Burgenlandkreis,06667,Sachsen-Anhalt,§2,Mitteldeutsches Braunkohlerevier
Gößnitz,Landkreis Altenburger Land,04639,Thüringen,§11/12,Steinkohlenbergbaugebiete
Graal-Müritz,Landkreis Rostock,18181,Mecklenburg-Vorpommern,§11/12,Steinkohlenbergbaugebiete
Grafhorst,Landkreis Helmstedt,38462,Niedersachsen,§11/12,Steinkohlenbergbaugebiete
Grammow,Landkreis Rostock,18195,Mecklenburg-Vorpommern,§11/12,Steinkohlenbergbaugebiete
Grasleben,Landkreis Helmstedt,38368,Niedersachsen,§11/12,Steinkohlenbergbaugebiete
Grevenbroich,Rhein-Kreis Neuss,41515,Nordrhein-Westfalen,§2,Rheinisches Braunkohlerevier
Grevenbroich,Rhein-Kreis Neuss,41516,Nordrhein-Westfalen,§2,Rheinisches Braunkohlerevier
Grevenbroich,Rhein-Kreis Neuss,41517,Nordrhein-Westfalen,§2,Rheinisches Braunkohlerevier
Grimma,Landkreis Leipzig,04668,Sachsen,§2,Mitteldeutsches Braunkohlerevier
Gröden,Landkreis Elbe-Elster,04932,Brandenburg,§2,Lausitzer Braunkohlerevier
Groitzsch,Landkreis Leipzig,04539,Sachsen,§2,Mitteldeutsches Braunkohlerevier
Groß Düben - Dźěwin,Landkreis Görlitz,02953,Sachsen,§2,Lausitzer Braunkohlerevier
Groß Düben - Dźěwin,Landkreis Görlitz,02959,Sachsen,§2,Lausitzer Braunkohlerevier
Großdubrau - Wulka Dubrawa,Landkreis Bautzen,02694,Sachsen,§2,Lausitzer Braunkohlerevier
Großharthau,Landkreis Bautzen,01909,Sachsen,§2,Lausitzer Braunkohlerevier
Großkmehlen,Landkreis Oberspreewald-Lausitz,01990,Brandenburg,§2,Lausitzer Braunkohlerevier
Groß Köris,Landkreis Dahme-Spreewald,15746,Brandenburg,§2,Lausitzer Braunkohlerevier
Großnaundorf,Landkreis Bautzen,01936,Sachsen,§2,Lausitzer Braunkohlerevier
Großpösna,Landkreis Leipzig,04463,Sachsen,§2,Mitteldeutsches Braunkohlerevier
Großpostwitz/O.L. - Budestecy,Landkreis Bautzen,02692,Sachsen,§2,Lausitzer Braunkohlerevier
Großräschen,Landkreis Oberspreewald-Lausitz,01983,Brandenburg,§2,Lausitzer Braunkohlerevier
Groß Roge,Landkreis Rostock,17166,Mecklenburg-Vorpommern,§11/12,Steinkohlenbergbaugebiete
Großröhrsdorf,Landkreis Bautzen,01900,Sachsen,§2,Lausitzer Braunkohlerevier
Großrosseln,Regionalverband Saarbrücken,66352,Saarland,§11/12,Steinkohlenbergbaugebiete
Groß Schacksdorf-Simmersdorf,Landkreis Spree-Neiße,03149,Brandenburg,§2,Lausitzer Braunkohlerevier
Großschönau,Landkreis Görlitz,02779,Sachsen,§2,Lausitzer Braunkohlerevier
Großschönau,Landkreis Görlitz,02799,Sachsen,§2,Lausitzer Braunkohlerevier
Großschweidnitz,Landkreis Görlitz,02708,Sachsen,§2,Lausitzer Braunkohlerevier
Groß Schwiesow,Landkreis Rostock,18276,Mecklenburg-Vorpommern,§11/12,Steinkohlenbergbaugebiete
Großthiemig,Landkreis Elbe-Elster,04932,Brandenburg,§2,Lausitzer Braunkohlerevier
Groß Twülpstedt,Landkreis Helmstedt,38464,Niedersachsen,§11/12,Steinkohlenbergbaugebiete
Groß Wokern,Landkreis Rostock,17166,Mecklenburg-Vorpommern,§11/12,Steinkohlenbergbaugebiete
Groß Wüstenfelde,Landkreis Rostock,17168,Mecklenburg-Vorpommern,§11/12,Steinkohlenbergbaugebiete
Grünewald,Landkreis Oberspreewald-Lausitz,01945,Brandenburg,§2,Lausitzer Braunkohlerevier
Guben,Landkreis Spree-Neiße,03172,Brandenburg,§2,Lausitzer Braunkohlerevier
Guhrow,Landkreis Spree-Neiße,03096,Brandenburg,§2,Lausitzer Braunkohlerevier
Gülzow-Prüzen,Landkreis Rostock,18276,Mecklenburg-Vorpommern,§11/12,Steinkohlenbergbaugebiete
Güstrow,Landkreis Rostock,18273,Mecklenburg-Vorpommern,§11/12,Steinkohlenbergbaugebiete
Guteborn,Landkreis Oberspreewald-Lausitz,01945,Brandenburg,§2,Lausitzer Braunkohlerevier
Gutenborn,Burgenlandkreis,06712,Sachsen-Anhalt,§2,Mitteldeutsches Braunkohlerevier
Gutow,Landkreis Rostock,18276,Mecklenburg-Vorpommern,§11/12,Steinkohlenbergbaugebiete
Hähnichen,Landkreis Görlitz,02923,Sachsen,§2,Lausitzer Braunkohlerevier
Hainewalde,Landkreis Görlitz,02779,Sachsen,§2,Lausitzer Braunkohlerevier
Halbe,Landkreis Dahme-Spreewald,15757,Brandenburg,§2,Lausitzer Braunkohlerevier
Haselbach,Landkreis Altenburger Land,04617,Thüringen,§11/12,Steinkohlenbergbaugebiete
Haselbachtal,Landkreis Bautzen,01920,Sachsen,§2,Lausitzer Braunkohlerevier
Heideblick,Landkreis Dahme-Spreewald,15926,Brandenburg,§2,Lausitzer Braunkohlerevier
Heideland,Landkreis Elbe-Elster,03238,Brandenburg,§2,Lausitzer Braunkohlerevier
Heidesee,Landkreis Dahme-Spreewald,15754,Brandenburg,§2,Lausitzer Braunkohlerevier
Heimbach,Kreis Düren,52396,Nordrhein-Westfalen,§2,Rheinisches Braunkohlerevier
Heinersbrück,Landkreis Spree-Neiße,03185,Brandenburg,§2,Lausitzer Braunkohlerevier
Heinsberg,Kreis Heinsberg,52525,Nordrhein-Westfalen,§2,Rheinisches Braunkohlerevier
Helbra,Landkreis Mansfeld-Südharz,06311,Sachsen-Anhalt,§2,Mitteldeutsches Braunkohlerevier
Hellenthal,Kreis Euskirchen,53940,Nordrhein-Westfalen,§2,Rheinisches Braunkohlerevier
Helmstedt,Landkreis Helmstedt,38350,Niedersachsen,§11/12,Steinkohlenbergbaugebiete
Helmstedt,Landkreis Helmstedt,38372,Niedersachsen,§11/12,Steinkohlenbergbaugebiete
Hergisdorf,Landkreis Mansfeld-Südharz,06313,Sachsen-Anhalt,§2,Mitteldeutsches Braunkohlerevier
Hermsdorf,Landkreis Oberspreewald-Lausitz,01945,Brandenburg,§2,Lausitzer Braunkohlerevier
Herrnhut,Landkreis Görlitz,02747,Sachsen,§2,Lausitzer Braunkohlerevier
Herzberg (Elster),Landkreis Elbe-Elster,04916,Brandenburg,§2,Lausitzer Braunkohlerevier
Herzogenrath,Städteregion Aachen,52134,Nordrhein-Westfalen,§2,Rheinisches Braunkohlerevier
Hettstedt,Landkreis Mansfeld-Südharz,06333,Sachsen-Anhalt,§2,Mitteldeutsches Braunkohlerevier
Heukewalde,Landkreis Altenburger Land,04626,Thüringen,§11/12,Steinkohlenbergbaugebiete
Heusweiler,Regionalverband Saarbrücken,66265,Saarland,§11/12,Steinkohlenbergbaugebiete
Heyersdorf,Landkreis Altenburger Land,04626,Thüringen,§11/12,Steinkohlenbergbaugebiete
Hirschfeld,Landkreis Elbe-Elster,04932,Brandenburg,§2,Lausitzer Braunkohlerevier
Hochkirch - Bukecy,Landkreis Bautzen,02627,Sachsen,§2,Lausitzer Braunkohlerevier
Hohenbocka,Landkreis Oberspreewald-Lausitz,01945,Brandenburg,§2,Lausitzer Braunkohlerevier
Hohenbucko,Landkreis Elbe-Elster,04936,Brandenburg,§2,Lausitzer Braunkohlerevier
Hohen Demzin,Landkreis Rostock,17166,Mecklenburg-Vorpommern,§11/12,Steinkohlenbergbaugebiete
Hohendubrau - Wysoka Dubrawa,Landkreis Görlitz,02906,Sachsen,§2,Lausitzer Braunkohlerevier
Hohenfelde,Landkreis Rostock,18209,Mecklenburg-Vorpommern,§11/12,Steinkohlenbergbaugebiete
Hohenfelde,Landkreis Rostock,18211,Mecklenburg-Vorpommern,§11/12,Steinkohlenbergbaugebiete
Hohenleipisch,Landkreis Elbe-Elster,04934,Brandenburg,§2,Lausitzer Braunkohlerevier
Hohenmölsen,Burgenlandkreis,06679,Sachsen-Anhalt,§2,Mitteldeutsches Braunkohlerevier
Hohen Sprenz,Landkreis Rostock,18299,Mecklenburg-Vorpommern,§11/12,Steinkohlenbergbaugebiete
Holzwickede,Kreis Unna,59439,Nordrhein-Westfalen,§11/12,Steinkohlenbergbaugebiete
Hoppenrade,Landkreis Rostock,18292,Mecklenburg-Vorpommern,§11/12,Steinkohlenbergbaugebiete
Horka,Landkreis Görlitz,02923,Sachsen,§2,Lausitzer Braunkohlerevier
Hoyerswerda - Wojerecy,Landkreis Bautzen,02977,Sachsen,§2,Lausitzer Braunkohlerevier
Hückelhoven,Kreis Heinsberg,41836,Nordrhein-Westfalen,§2,Rheinisches Braunkohlerevier
Hürtgenwald,Kreis Düren,52393,Nordrhein-Westfalen,§2,Rheinisches Braunkohlerevier
Hürth,Rhein-Erft-Kreis,50354,Nordrhein-Westfalen,§2,Rheinisches Braunkohlerevier
Inden,Kreis Düren,52459,Nordrhein-Westfalen,§2,Rheinisches Braunkohlerevier
Jamlitz,Landkreis Dahme-Spreewald,15868,Brandenburg,§2,Lausitzer Braunkohlerevier
Jämlitz-Klein Düben,Landkreis Spree-Neiße,03130,Brandenburg,§2,Lausitzer Braunkohlerevier
Jänschwalde,Landkreis Spree-Neiße,03172,Brandenburg,§2,Lausitzer Braunkohlerevier
Jänschwalde,Landkreis Spree-Neiße,03197,Brandenburg,§2,Lausitzer Braunkohlerevier
Jerxheim,Landkreis Helmstedt,38381,Niedersachsen,§11/12,Steinkohlenbergbaugebiete
Jesewitz,Landkreis Nordsachsen,04838,Sachsen,§2,Mitteldeutsches Braunkohlerevier
Jonaswalde,Landkreis Altenburger Land,04626,Thüringen,§11/12,Steinkohlenbergbaugebiete
Jonsdorf,Landkreis Görlitz,02796,Sachsen,§2,Lausitzer Braunkohlerevier
Jördenstorf,Landkreis Rostock,17168,Mecklenburg-Vorpommern,§11/12,Steinkohlenbergbaugebiete
Jüchen,Rhein-Kreis Neuss,41363,Nordrhein-Westfalen,§2,Rheinisches Braunkohlerevier
Jülich,Kreis Düren,52428,Nordrhein-Westfalen,§2,Rheinisches Braunkohlerevier
Jürgenshagen,Landkreis Rostock,18246,Mecklenburg-Vorpommern,§11/12,Steinkohlenbergbaugebiete
Kaarst,Rhein-Kreis Neuss,41564,Nordrhein-Westfalen,§2,Rheinisches Braunkohlerevier
Kabelsketal,Saalekreis,06184,Sachsen-Anhalt,§2,Mitteldeutsches Braunkohlerevier
Kaiserpfalz,Burgenlandkreis,06642,Sachsen-Anhalt,§2,Mitteldeutsches Braunkohlerevier
Kall,Kreis Euskirchen,53925,Nordrhein-Westfalen,§2,Rheinisches Braunkohlerevier
Kamen,Kreis Unna,59174,Nordrhein-Westfalen,§11/12,Steinkohlenbergbaugebiete
Kamenz - Kamjenc,Landkreis Bautzen,01917,Sachsen,§2,Lausitzer Braunkohlerevier
Karsdorf,Burgenlandkreis,06638,Sachsen-Anhalt,§2,Mitteldeutsches Braunkohlerevier
Kasel-Golzig,Landkreis Dahme-Spreewald,15938,Brandenburg,§2,Lausitzer Braunkohlerevier
Kassow,Landkreis Rostock,18258,Mecklenburg-Vorpommern,§11/12,Steinkohlenbergbaugebiete
Kelbra (Kyffhäuser),Landkreis Mansfeld-Südharz,06537,Sachsen-Anhalt,§2,Mitteldeutsches Braunkohlerevier
Kerpen,Rhein-Erft-Kreis,50169,Nordrhein-Westfalen,§2,Rheinisches Braunkohlerevier
Kerpen,Rhein-Erft-Kreis,50170,Nordrhein-Westfalen,§2,Rheinisches Braunkohlerevier
Kerpen,Rhein-Erft-Kreis,50171,Nordrhein-Westfalen,§2,Rheinisches Braunkohlerevier
Kitzscher,Landkreis Leipzig,04567,Sachsen,§2,Mitteldeutsches Braunkohlerevier
Klein Belitz,Landkreis Rostock,18246,Mecklenburg-Vorpommern,§11/12,Steinkohlenbergbaugebiete
Kleinblittersdorf,Regionalverband Saarbrücken,66271,Saarland,§11/12,Steinkohlenbergbaugebiete
Klein Upahl,Landkreis Rostock,18276,Mecklenburg-Vorpommern,§11/12,Steinkohlenbergbaugebiete
Klostermansfeld,Landkreis Mansfeld-Südharz,06308,Sachsen-Anhalt,§2,Mitteldeutsches Braunkohlerevier
Kodersdorf,Landkreis Görlitz,02923,Sachsen,§2,Lausitzer Braunkohlerevier
Kolkwitz,Landkreis Spree-Neiße,03099,Brandenburg,§2,Lausitzer Braunkohlerevier
Königsbrück,Landkreis Bautzen,01936,Sachsen,§2,Lausitzer Braunkohlerevier
Königshain,Landkreis Görlitz,02829,Sachsen,§2,Lausitzer Braunkohlerevier
Königslutter am Elm,Landkreis Helmstedt,38154,Niedersachsen,§11/12,Steinkohlenbergbaugebiete
Königswartha - Rakecy,Landkreis Bautzen,02699,Sachsen,§2,Lausitzer Braunkohlerevier
Königs Wusterhausen,Landkreis Dahme-Spreewald,15711,Brandenburg,§2,Lausitzer Braunkohlerevier
Königs Wusterhausen,Landkreis Dahme-Spreewald,15712,Brandenburg,§2,Lausitzer Braunkohlerevier
Königs Wusterhausen,Landkreis Dahme-Spreewald,15713,Brandenburg,§2,Lausitzer Braunkohlerevier
Korschenbroich,Rhein-Kreis Neuss,41352,Nordrhein-Westfalen,§2,Rheinisches Braunkohlerevier
Köthen (Anhalt),Landkreis Anhalt-Bitterfeld,06366,Sachsen-Anhalt,§2,Mitteldeutsches Braunkohlerevier
Köthen (Anhalt),Landkreis Anhalt-Bitterfeld,06369,Sachsen-Anhalt,§2,Mitteldeutsches Braunkohlerevier
Köthen (Anhalt),Landkreis Anhalt-Bitterfeld,06388,Sachsen-Anhalt,§2,Mitteldeutsches Braunkohlerevier
Kottmar,Landkreis Görlitz,02708,Sachsen,§2,Lausitzer Braunkohlerevier
Kottmar,Landkreis Görlitz,02739,Sachsen,§2,Lausitzer Braunkohlerevier
Krakow am See,Landkreis Rostock,18292,Mecklenburg-Vorpommern,§11/12,Steinkohlenbergbaugebiete
Krauschwitz - Krušwica,Landkreis Görlitz,02957,Sachsen,§2,Lausitzer Braunkohlerevier
Krausnick-Groß Wasserburg,Landkreis Dahme-Spreewald,15910,Brandenburg,§2,Lausitzer Braunkohlerevier
Kreba-Neudorf - Chrjebja-Nowa Wjes,Landkreis Görlitz,02906,Sachsen,§2,Lausitzer Braunkohlerevier
Kremitzaue,Landkreis Elbe-Elster,04916,Brandenburg,§2,Lausitzer Braunkohlerevier
Kremitzaue,Landkreis Elbe-Elster,04936,Brandenburg,§2,Lausitzer Braunkohlerevier
Kretzschau,Burgenlandkreis,06712,Sachsen-Anhalt,§2,Mitteldeutsches Braunkohlerevier
Kreuzau,Kreis Düren,52372,Nordrhein-Westfalen,§2,Rheinisches Braunkohlerevier
Kriebitzsch,Landkreis Altenburger Land,04617,Thüringen,§11/12,Steinkohlenbergbaugebiete
Kritzmow,Landkreis Rostock,18198,Mecklenburg-Vorpommern,§11/12,Steinkohlenbergbaugebiete
Kröpelin,Landkreis Rostock,18236,Mecklenburg-Vorpommern,§11/12,Steinkohlenbergbaugebiete
Kroppen,Landkreis Oberspreewald-Lausitz,01945,Brandenburg,§2,Lausitzer Braunkohlerevier
Krostitz,Landkreis Nordsachsen,04509,Sachsen,§2,Mitteldeutsches Braunkohlerevier
Kubschütz - Kubšicy,Landkreis Bautzen,02627,Sachsen,§2,Lausitzer Braunkohlerevier
Kuchelmiß,Landkreis Rostock,18292,Mecklenburg-Vorpommern,§11/12,Steinkohlenbergbaugebiete
Kühlungsborn,Landkreis Rostock,18225,Mecklenburg-Vorpommern,§11/12,Steinkohlenbergbaugebiete
Kuhs,Landkreis Rostock,18276,Mecklenburg-Vorpommern,§11/12,Steinkohlenbergbaugebiete
Laage,Landkreis Rostock,18299,Mecklenburg-Vorpommern,§11/12,Steinkohlenbergbaugebiete
Lalendorf,Landkreis Rostock,18279,Mecklenburg-Vorpommern,§11/12,Steinkohlenbergbaugebiete
Lambrechtshagen,Landkreis Rostock,18069,Mecklenburg-Vorpommern,§11/12,Steinkohlenbergbaugebiete
Landsberg,Saalekreis,06188,Sachsen-Anhalt,§2,Mitteldeutsches Braunkohlerevier
Langenleuba-Niederhain,Landkreis Altenburger Land,04618,Thüringen,§11/12,Steinkohlenbergbaugebiete
Langerwehe,Kreis Düren,52379,Nordrhein-Westfalen,§2,Rheinisches Braunkohlerevier
Lanitz-Hassel-Tal,Burgenlandkreis,06628,Sachsen-Anhalt,§2,Mitteldeutsches Braunkohlerevier
Laucha an der Unstrut,Burgenlandkreis,06636,Sachsen-Anhalt,§2,Mitteldeutsches Braunkohlerevier
Lauchhammer,Landkreis Oberspreewald-Lausitz,01979,Brandenburg,§2,Lausitzer Braunkohlerevier
Laußig,Landkreis Nordsachsen,04838,Sachsen,§2,Mitteldeutsches Braunkohlerevier
Laußig,Landkreis Nordsachsen,04849,Sachsen,§2,Mitteldeutsches Braunkohlerevier
Laußnitz,Landkreis Bautzen,01936,Sachsen,§2,Lausitzer Braunkohlerevier
Lauta,Landkreis Bautzen,02991,Sachsen,§2,Lausitzer Braunkohlerevier
Lawalde,Landkreis Görlitz,02708,Sachsen,§2,Lausitzer Braunkohlerevier
Lebach,Landkreis Saarlouis,66822,Saarland,§11/12,Steinkohlenbergbaugebiete
Lebusa,Landkreis Elbe-Elster,04936,Brandenburg,§2,Lausitzer Braunkohlerevier
Lehre,Landkreis Helmstedt,38165,Niedersachsen,§11/12,Steinkohlenbergbaugebiete
Lelkendorf,Landkreis Rostock,17168,Mecklenburg-Vorpommern,§11/12,Steinkohlenbergbaugebiete
Leuna,Saalekreis,06237,Sachsen-Anhalt,§2,Mitteldeutsches Braunkohlerevier
Leutersdorf,Landkreis Görlitz,02794,Sachsen,§2,Lausitzer Braunkohlerevier
Lichtenberg,Landkreis Bautzen,01896,Sachsen,§2,Lausitzer Braunkohlerevier
Lichterfeld-Schacksdorf,Landkreis Elbe-Elster,03238,Brandenburg,§2,Lausitzer Braunkohlerevier
Lieberose,Landkreis Dahme-Spreewald,15868,Brandenburg,§2,Lausitzer Braunkohlerevier
Liebschützberg,Landkreis Nordsachsen,04758,Sachsen,§2,Mitteldeutsches Braunkohlerevier
Lindenau,Landkreis Oberspreewald-Lausitz,01945,Brandenburg,§2,Lausitzer Braunkohlerevier
Linnich,Kreis Düren,52441,Nordrhein-Westfalen,§2,Rheinisches Braunkohlerevier
Löbau,Landkreis Görlitz,02708,Sachsen,§2,Lausitzer Braunkohlerevier
Löbichau,Landkreis Altenburger Land,04626,Thüringen,§11/12,Steinkohlenbergbaugebiete
Löbnitz,Landkreis Nordsachsen,04509,Sachsen,§2,Mitteldeutsches Braunkohlerevier
Lödla,Landkreis Altenburger Land,04617,Thüringen,§11/12,Steinkohlenbergbaugebiete
Lohmen,Landkreis Rostock,18276,Mecklenburg-Vorpommern,§11/12,Steinkohlenbergbaugebiete
Lohsa - Łaz,Landkreis Bautzen,02999,Sachsen,§2,Lausitzer Braunkohlerevier
Lossatal,Landkreis Leipzig,04808,Sachsen,§2,Mitteldeutsches Braunkohlerevier
Lübbenau/Spreewald,Landkreis Oberspreewald-Lausitz,03222,Brandenburg,§2,Lausitzer Braunkohlerevier
Lübben (Spreewald),Landkreis Dahme-Spreewald,15907,Brandenburg,§2,Lausitzer Braunkohlerevier
Lucka,Landkreis Altenburger Land,04613,Thüringen,§11/12,Steinkohlenbergbaugebiete
Luckaitztal,Landkreis Oberspreewald-Lausitz,03229,Brandenburg,§2,Lausitzer Braunkohlerevier
Luckau,Landkreis Dahme-Spreewald,15926,Brandenburg,§2,Lausitzer Braunkohlerevier
Lünen,Kreis Unna,44532,Nordrhein-Westfalen,§11/12,Steinkohlenbergbaugebiete
Lünen,Kreis Unna,44534,Nordrhein-Westfalen,§11/12,Steinkohlenbergbaugebiete
Lünen,Kreis Unna,44536,Nordrhein-Westfalen,§11/12,Steinkohlenbergbaugebiete
Lüssow,Landkreis Rostock,18276,Mecklenburg-Vorpommern,§11/12,Steinkohlenbergbaugebiete
Lutherstadt Eisleben,Landkreis Mansfeld-Südharz,06295,Sachsen-Anhalt,§2,Mitteldeutsches Braunkohlerevier
Lützen,Burgenlandkreis,06686,Sachsen-Anhalt,§2,Mitteldeutsches Braunkohlerevier
Machern,Landkreis Leipzig,04827,Sachsen,§2,Mitteldeutsches Braunkohlerevier
Malschwitz - Malešecy,Landkreis Bautzen,02694,Sachsen,§2,Lausitzer Braunkohlerevier
Mansfeld,Landkreis Mansfeld-Südharz,06343,Sachsen-Anhalt,§2,Mitteldeutsches Braunkohlerevier
Mariental,Landkreis Helmstedt,38368,Niedersachsen,§11/12,Steinkohlenbergbaugebiete
Markersdorf,Landkreis Görlitz,02829,Sachsen,§2,Lausitzer Braunkohlerevier
Märkisch Buchholz,Landkreis Dahme-Spreewald,15748,Brandenburg,§2,Lausitzer Braunkohlerevier
Märkische Heide,Landkreis Dahme-Spreewald,15913,Brandenburg,§2,Lausitzer Braunkohlerevier
Markkleeberg,Landkreis Leipzig,04416,Sachsen,§2,Mitteldeutsches Braunkohlerevier
Markranstädt,Landkreis Leipzig,04420,Sachsen,§2,Mitteldeutsches Braunkohlerevier
Massen-Niederlausitz,Landkreis Elbe-Elster,03238,Brandenburg,§2,Lausitzer Braunkohlerevier
Massen-Niederlausitz,Landkreis Elbe-Elster,03246,Brandenburg,§2,Lausitzer Braunkohlerevier
Mechernich,Kreis Euskirchen,53894,Nordrhein-Westfalen,§2,Rheinisches Braunkohlerevier
Meerbusch,Rhein-Kreis Neuss,40667,Nordrhein-Westfalen,§2,Rheinisches Braunkohlerevier
Meerbusch,Rhein-Kreis Neuss,40668,Nordrhein-Westfalen,§2,Rheinisches Braunkohlerevier
Meerbusch,Rhein-Kreis Neuss,40670,Nordrhein-Westfalen,§2,Rheinisches Braunkohlerevier
Mehna,Landkreis Altenburger Land,04626,Thüringen,§11/12,Steinkohlenbergbaugebiete
Meineweh,Burgenlandkreis,06721,Sachsen-Anhalt,§2,Mitteldeutsches Braunkohlerevier
Merseburg,Saalekreis,06217,Sachsen-Anhalt,§2,Mitteldeutsches Braunkohlerevier
Mertendorf,Burgenlandkreis,06618,Sachsen-Anhalt,§2,Mitteldeutsches Braunkohlerevier
Merzdorf,Landkreis Elbe-Elster,04932,Brandenburg,§2,Lausitzer Braunkohlerevier
Merzenich,Kreis Düren,52399,Nordrhein-Westfalen,§2,Rheinisches Braunkohlerevier
Meuselwitz,Landkreis Altenburger Land,04610,Thüringen,§11/12,Steinkohlenbergbaugebiete
Mistorf,Landkreis Rostock,18276,Mecklenburg-Vorpommern,§11/12,Steinkohlenbergbaugebiete
Mittelherwigsdorf,Landkreis Görlitz,02763,Sachsen,§2,Lausitzer Braunkohlerevier
Mittenwalde,Landkreis Dahme-Spreewald,15749,Brandenburg,§2,Lausitzer Braunkohlerevier
Mockrehna,Landkreis Nordsachsen,04862,Sachsen,§2,Mitteldeutsches Braunkohlerevier
Molauer Land,Burgenlandkreis,06618,Sachsen-Anhalt,§2,Mitteldeutsches Braunkohlerevier
Mönchhagen,Landkreis Rostock,18182,Mecklenburg-Vorpommern,§11/12,Steinkohlenbergbaugebiete
Monschau,Städteregion Aachen,52156,Nordrhein-Westfalen,§2,Rheinisches Braunkohlerevier
Monstab,Landkreis Altenburger Land,04617,Thüringen,§11/12,Steinkohlenbergbaugebiete
Mücheln (Geiseltal),Saalekreis,06249,Sachsen-Anhalt,§2,Mitteldeutsches Braunkohlerevier
Mücheln (Geiseltal),Saalekreis,06255,Sachsen-Anhalt,§2,Mitteldeutsches Braunkohlerevier
Mücheln (Geiseltal),Saalekreis,06268,Sachsen-Anhalt,§2,Mitteldeutsches Braunkohlerevier
Mücheln (Geiseltal),Saalekreis,06632,Sachsen-Anhalt,§2,Mitteldeutsches Braunkohlerevier
Mücka - Mikow,Landkreis Görlitz,02906,Sachsen,§2,Lausitzer Braunkohlerevier
Mügeln,Landkreis Nordsachsen,04769,Sachsen,§2,Mitteldeutsches Braunkohlerevier
Mühlberg/Elbe,Landkreis Elbe-Elster,04895,Brandenburg,§2,Lausitzer Braunkohlerevier
Mühlberg/Elbe,Landkreis Elbe-Elster,04931,Brandenburg,§2,Lausitzer Braunkohlerevier
Mühl Rosin,Landkreis Rostock,18276,Mecklenburg-Vorpommern,§11/12,Steinkohlenbergbaugebiete
Muldestausee,Landkreis Anhalt-Bitterfeld,06774,Sachsen-Anhalt,§2,Mitteldeutsches Braunkohlerevier
Münchehofe,Landkreis Dahme-Spreewald,15748,Brandenburg,§2,Lausitzer Braunkohlerevier
Nalbach,Landkreis Saarlouis,66809,Saarland,§11/12,Steinkohlenbergbaugebiete
Naumburg (Saale),Burgenlandkreis,06618,Sachsen-Anhalt,§2,Mitteldeutsches Braunkohlerevier
Naumburg (Saale),Burgenlandkreis,06628,Sachsen-Anhalt,§2,Mitteldeutsches Braunkohlerevier
Naundorf,Landkreis Nordsachsen,04769,Sachsen,§2,Mitteldeutsches Braunkohlerevier
Naunhof,Landkreis Leipzig,04683,Sachsen,§2,Mitteldeutsches Braunkohlerevier
Nebelschütz - Njebjelčicy,Landkreis Bautzen,01920,Sachsen,§2,Lausitzer Braunkohlerevier
Nebra (Unstrut),Burgenlandkreis,06642,Sachsen-Anhalt,§2,Mitteldeutsches Braunkohlerevier
Neißeaue,Landkreis Görlitz,02829,Sachsen,§2,Lausitzer Braunkohlerevier
Neiße-Malxetal,Landkreis Spree-Neiße,03159,Brandenburg,§2,Lausitzer Braunkohlerevier
Nemsdorf-Göhrendorf,Saalekreis,06268,Sachsen-Anhalt,§2,Mitteldeutsches Braunkohlerevier
Neschwitz - Njeswačidło,Landkreis Bautzen,02699,Sachsen,§2,Lausitzer Braunkohlerevier
Nettersheim,Kreis Euskirchen,53947,Nordrhein-Westfalen,§2,Rheinisches Braunkohlerevier
Neubukow,Landkreis Rostock,18233,Mecklenburg-Vorpommern,§11/12,Steinkohlenbergbaugebiete
Neuhausen/Spree,Landkreis Spree-Neiße,03058,Brandenburg,§2,Lausitzer Braunkohlerevier
Neukieritzsch,Landkreis Leipzig,04575,Sachsen,§2,Mitteldeutsches Braunkohlerevier
Neukirch,Landkreis Bautzen,01936,Sachsen,§2,Lausitzer Braunkohlerevier
Neukirch/Lausitz,Landkreis Bautzen,01904,Sachsen,§2,Lausitzer Braunkohlerevier
Neupetershain,Landkreis Oberspreewald-Lausitz,03103,Brandenburg,§2,Lausitzer Braunkohlerevier
Neusalza-Spremberg,Landkreis Görlitz,02742,Sachsen,§2,Lausitzer Braunkohlerevier
Neu-Seeland,Landkreis Oberspreewald-Lausitz,03103,Brandenburg,§2,Lausitzer Braunkohlerevier
Neuss,Rhein-Kreis Neuss,41460,Nordrhein-Westfalen,§2,Rheinisches Braunkohlerevier
Neuss,Rhein-Kreis Neuss,41462,Nordrhein-Westfalen,§2,Rheinisches Braunkohlerevier
Neuss,Rhein-Kreis Neuss,41464,Nordrhein-Westfalen,§2,Rheinisches Braunkohlerevier
Neuss,Rhein-Kreis Neuss,41466,Nordrhein-Westfalen,§2,Rheinisches Braunkohlerevier
Neuss,Rhein-Kreis Neuss,41468,Nordrhein-Westfalen,§2,Rheinisches Braunkohlerevier
Neuss,Rhein-Kreis Neuss,41469,Nordrhein-Westfalen,§2,Rheinisches Braunkohlerevier
Neuss,Rhein-Kreis Neuss,41470,Nordrhein-Westfalen,§2,Rheinisches Braunkohlerevier
Neuss,Rhein-Kreis Neuss,41472,Nordrhein-Westfalen,§2,Rheinisches Braunkohlerevier
Neu Zauche,Landkreis Dahme-Spreewald,15913,Brandenburg,§2,Lausitzer Braunkohlerevier
Nideggen,Kreis Düren,52385,Nordrhein-Westfalen,§2,Rheinisches Braunkohlerevier
Niederzier,Kreis Düren,52382,Nordrhein-Westfalen,§2,Rheinisches Braunkohlerevier
Nienhagen,Landkreis Rostock,18211,Mecklenburg-Vorpommern,§11/12,Steinkohlenbergbaugebiete
Niesky,Landkreis Görlitz,02906,Sachsen,§2,Lausitzer Braunkohlerevier
Nobitz,Landkreis Altenburger Land,04603,Thüringen,§11/12,Steinkohlenbergbaugebiete
Nörvenich,Kreis Düren,52388,Nordrhein-Westfalen,§2,Rheinisches Braunkohlerevier
Nustrow,Landkreis Rostock,18195,Mecklenburg-Vorpommern,§11/12,Steinkohlenbergbaugebiete
Obergurig - Hornja Hórka,Landkreis Bautzen,02692,Sachsen,§2,Lausitzer Braunkohlerevier
Obhausen,Saalekreis,06268,Sachsen-Anhalt,§2,Mitteldeutsches Braunkohlerevier
Oderwitz,Landkreis Görlitz,02791,Sachsen,§2,Lausitzer Braunkohlerevier
Ohorn,Landkreis Bautzen,01896,Sachsen,§2,Lausitzer Braunkohlerevier
Olbersdorf,Landkreis Görlitz,02785,Sachsen,§2,Lausitzer Braunkohlerevier
Oppach,Landkreis Görlitz,02736,Sachsen,§2,Lausitzer Braunkohlerevier
Ortrand,Landkreis Oberspreewald-Lausitz,01990,Brandenburg,§2,Lausitzer Braunkohlerevier
Oschatz,Landkreis Nordsachsen,04758,Sachsen,§2,Mitteldeutsches Braunkohlerevier
Oßling - Wóslink,Landkreis Bautzen,01920,Sachsen,§2,Lausitzer Braunkohlerevier
Osterfeld,Burgenlandkreis,06721,Sachsen-Anhalt,§2,Mitteldeutsches Braunkohlerevier
Osternienburger Land,Landkreis Anhalt-Bitterfeld,06386,Sachsen-Anhalt,§2,Mitteldeutsches Braunkohlerevier
Ostritz,Landkreis Görlitz,02899,Sachsen,§2,Lausitzer Braunkohlerevier
Ottendorf-Okrilla,Landkreis Bautzen,01458,Sachsen,§2,Lausitzer Braunkohlerevier
Otterwisch,Landkreis Leipzig,04668,Sachsen,§2,Mitteldeutsches Braunkohlerevier
Oybin,Landkreis Görlitz,02797,Sachsen,§2,Lausitzer Braunkohlerevier
Panschwitz-Kuckau - Pančicy-Kukow,Landkreis Bautzen,01920,Sachsen,§2,Lausitzer Braunkohlerevier
Papendorf,Landkreis Rostock,18059,Mecklenburg-Vorpommern,§11/12,Steinkohlenbergbaugebiete
Parthenstein,Landkreis Leipzig,04668,Sachsen,§2,Mitteldeutsches Braunkohlerevier
Pegau,Landkreis Leipzig,04523,Sachsen,§2,Mitteldeutsches Braunkohlerevier
Peitz,Landkreis Spree-Neiße,03185,Brandenburg,§2,Lausitzer Braunkohlerevier
Penzin,Landkreis Rostock,18249,Mecklenburg-Vorpommern,§11/12,Steinkohlenbergbaugebiete
Petersberg,Saalekreis,06193,Sachsen-Anhalt,§2,Mitteldeutsches Braunkohlerevier
Plaaz,Landkreis Rostock,18276,Mecklenburg-Vorpommern,§11/12,Steinkohlenbergbaugebiete
Plessa,Landkreis Elbe-Elster,04928,Brandenburg,§2,Lausitzer Braunkohlerevier
Pölchow,Landkreis Rostock,18059,Mecklenburg-Vorpommern,§11/12,Steinkohlenbergbaugebiete
Ponitz,Landkreis Altenburger Land,04639,Thüringen,§11/12,Steinkohlenbergbaugebiete
Poppendorf,Landkreis Rostock,18184,Mecklenburg-Vorpommern,§11/12,Steinkohlenbergbaugebiete
Posterstein,Landkreis Altenburger Land,04626,Thüringen,§11/12,Steinkohlenbergbaugebiete
Prebberede,Landkreis Rostock,17168,Mecklenburg-Vorpommern,§11/12,Steinkohlenbergbaugebiete
Pulheim,Rhein-Erft-Kreis,50259,Nordrhein-Westfalen,§2,Rheinisches Braunkohlerevier
Pulsnitz,Landkreis Bautzen,01896,Sachsen,§2,Lausitzer Braunkohlerevier
Puschwitz - Bóšicy,Landkreis Bautzen,02699,Sachsen,§2,Lausitzer Braunkohlerevier
Püttlingen,Regionalverband Saarbrücken,66346,Saarland,§11/12,Steinkohlenbergbaugebiete
Querenhorst,Landkreis Helmstedt,38368,Niedersachsen,§11/12,Steinkohlenbergbaugebiete
Querfurt,Saalekreis,06268,Sachsen-Anhalt,§2,Mitteldeutsches Braunkohlerevier
Quierschied,Regionalverband Saarbrücken,66287,Saarland,§11/12,Steinkohlenbergbaugebiete
Quitzdorf am See - Kwětanecy,Landkreis Görlitz,02906,Sachsen,§2,Lausitzer Braunkohlerevier
Räbke,Landkreis Helmstedt,38375,Niedersachsen,§11/12,Steinkohlenbergbaugebiete
Räckelwitz - Worklecy,Landkreis Bautzen,01920,Sachsen,§2,Lausitzer Braunkohlerevier
Rackwitz,Landkreis Nordsachsen,04519,Sachsen,§2,Mitteldeutsches Braunkohlerevier
Radeberg,Landkreis Bautzen,01454,Sachsen,§2,Lausitzer Braunkohlerevier
Radibor - Radwor,Landkreis Bautzen,02627,Sachsen,§2,Lausitzer Braunkohlerevier
Raguhn-Jeßnitz,Landkreis Anhalt-Bitterfeld,06779,Sachsen-Anhalt,§2,Mitteldeutsches Braunkohlerevier
Raguhn-Jeßnitz,Landkreis Anhalt-Bitterfeld,06800,Sachsen-Anhalt,§2,Mitteldeutsches Braunkohlerevier
Ralbitz-Rosenthal - Ralbicy-Róžant,Landkreis Bautzen,01920,Sachsen,§2,Lausitzer Braunkohlerevier
Rammenau,Landkreis Bautzen,01877,Sachsen,§2,Lausitzer Braunkohlerevier
Reddelich,Landkreis Rostock,18209,Mecklenburg-Vorpommern,§11/12,Steinkohlenbergbaugebiete
Regis-Breitingen,Landkreis Leipzig,04565,Sachsen,§2,Mitteldeutsches Braunkohlerevier
Rehlingen-Siersburg,Landkreis Saarlouis,66780,Saarland,§11/12,Steinkohlenbergbaugebiete
Reichenbach/Oberlausitz,Landkreis Görlitz,02894,Sachsen,§2,Lausitzer Braunkohlerevier
Reimershagen,Landkreis Rostock,18276,Mecklenburg-Vorpommern,§11/12,Steinkohlenbergbaugebiete
Rennau,Landkreis Helmstedt,38368,Niedersachsen,§11/12,Steinkohlenbergbaugebiete
Rerik,Landkreis Rostock,18230,Mecklenburg-Vorpommern,§11/12,Steinkohlenbergbaugebiete
Retschow,Landkreis Rostock,18211,Mecklenburg-Vorpommern,§11/12,Steinkohlenbergbaugebiete
Riegelsberg,Regionalverband Saarbrücken,66292,Saarland,§11/12,Steinkohlenbergbaugebiete
Rietschen - Rěčicy,Landkreis Görlitz,02956,Sachsen,§2,Lausitzer Braunkohlerevier
Rietzneuendorf-Staakow,Landkreis Dahme-Spreewald,15910,Brandenburg,§2,Lausitzer Braunkohlerevier
Röderland,Landkreis Elbe-Elster,04932,Brandenburg,§2,Lausitzer Braunkohlerevier
Roetgen,Städteregion Aachen,52159,Nordrhein-Westfalen,§2,Rheinisches Braunkohlerevier
Roggentin,Landkreis Rostock,18184,Mecklenburg-Vorpommern,§11/12,Steinkohlenbergbaugebiete
Rommerskirchen,Rhein-Kreis Neuss,41569,Nordrhein-Westfalen,§2,Rheinisches Braunkohlerevier
Rosenbach,Landkreis Görlitz,02708,Sachsen,§2,Lausitzer Braunkohlerevier
Rositz,Landkreis Altenburger Land,04617,Thüringen,§11/12,Steinkohlenbergbaugebiete
Rötha,Landkreis Leipzig,04571,Sachsen,§2,Mitteldeutsches Braunkohlerevier
Rothenburg/Oberlausitz,Landkreis Görlitz,02929,Sachsen,§2,Lausitzer Braunkohlerevier
Rövershagen,Landkreis Rostock,18182,Mecklenburg-Vorpommern,§11/12,Steinkohlenbergbaugebiete
Rückersdorf,Landkreis Elbe-Elster,03238,Brandenburg,§2,Lausitzer Braunkohlerevier
Ruhland,Landkreis Oberspreewald-Lausitz,01945,Brandenburg,§2,Lausitzer Braunkohlerevier
Rühn,Landkreis Rostock,18246,Mecklenburg-Vorpommern,§11/12,Steinkohlenbergbaugebiete
Rukieten,Landkreis Rostock,18258,Mecklenburg-Vorpommern,§11/12,Steinkohlenbergbaugebiete
Saarbrücken,Regionalverband Saarbrücken,66111,Saarland,§11/12,Steinkohlenbergbaugebiete
Saarbrücken,Regionalverband Saarbrücken,66113,Saarland,§11/12,Steinkohlenbergbaugebiete
Saarbrücken,Regionalverband Saarbrücken,66115,Saarland,§11/12,Steinkohlenbergbaugebiete
Saarbrücken,Regionalverband Saarbrücken,66117,Saarland,§11/12,Steinkohlenbergbaugebiete
Saarbrücken,Regionalverband Saarbrücken,66119,Saarland,§11/12,Steinkohlenbergbaugebiete
Saarbrücken,Regionalverband Saarbrücken,66121,Saarland,§11/12,Steinkohlenbergbaugebiete
Saarbrücken,Regionalverband Saarbrücken,66123,Saarland,§11/12,Steinkohlenbergbaugebiete
Saarbrücken,Regionalverband Saarbrücken,66125,Saarland,§11/12,Steinkohlenbergbaugebiete
Saarbrücken,Regionalverband Saarbrücken,66126,Saarland,§11/12,Steinkohlenbergbaugebiete
Saarbrücken,Regionalverband Saarbrücken,66127,Saarland,§11/12,Steinkohlenbergbaugebiete
Saarbrücken,Regionalverband Saarbrücken,66128,Saarland,§11/12,Steinkohlenbergbaugebiete
Saarbrücken,Regionalverband Saarbrücken,66129,Saarland,§11/12,Steinkohlenbergbaugebiete
Saarbrücken,Regionalverband Saarbrücken,66130,Saarland,§11/12,Steinkohlenbergbaugebiete
Saarbrücken,Regionalverband Saarbrücken,66131,Saarland,§11/12,Steinkohlenbergbaugebiete
Saarbrücken,Regionalverband Saarbrücken,66132,Saarland,§11/12,Steinkohlenbergbaugebiete
Saarbrücken,Regionalverband Saarbrücken,66133,Saarland,§11/12,Steinkohlenbergbaugebiete
Saarlouis,Landkreis Saarlouis,66740,Saarland,§11/12,Steinkohlenbergbaugebiete
Saarwellingen,Landkreis Saarlouis,66793,Saarland,§11/12,Steinkohlenbergbaugebiete
Sallgast,Landkreis Elbe-Elster,03238,Brandenburg,§2,Lausitzer Braunkohlerevier
Salzatal,Saalekreis,06198,Sachsen-Anhalt,§2,Mitteldeutsches Braunkohlerevier
Sandersdorf-Brehna,Landkreis Anhalt-Bitterfeld,06792,Sachsen-Anhalt,§2,Mitteldeutsches Braunkohlerevier
Sandersdorf-Brehna,Landkreis Anhalt-Bitterfeld,06794,Sachsen-Anhalt,§2,Mitteldeutsches Braunkohlerevier
Sandersdorf-Brehna,Landkreis Anhalt-Bitterfeld,06796,Sachsen-Anhalt,§2,Mitteldeutsches Braunkohlerevier
Sandersdorf-Brehna,Landkreis Anhalt-Bitterfeld,06809,Sachsen-Anhalt,§2,Mitteldeutsches Braunkohlerevier
Sangerhausen,Landkreis Mansfeld-Südharz,06526,Sachsen-Anhalt,§2,Mitteldeutsches Braunkohlerevier
Sanitz,Landkreis Rostock,18190,Mecklenburg-Vorpommern,§11/12,Steinkohlenbergbaugebiete
Sarmstorf,Landkreis Rostock,18276,Mecklenburg-Vorpommern,§11/12,Steinkohlenbergbaugebiete
Satow,Landkreis Rostock,18239,Mecklenburg-Vorpommern,§11/12,Steinkohlenbergbaugebiete
Schenkendöbern,Landkreis Spree-Neiße,03172,Brandenburg,§2,Lausitzer Braunkohlerevier
Schilda,Landkreis Elbe-Elster,03253,Brandenburg,§2,Lausitzer Braunkohlerevier
Schipkau,Landkreis Oberspreewald-Lausitz,01968,Brandenburg,§2,Lausitzer Braunkohlerevier
Schipkau,Landkreis Oberspreewald-Lausitz,01993,Brandenburg,§2,Lausitzer Braunkohlerevier
Schipkau,Landkreis Oberspreewald-Lausitz,01994,Brandenburg,§2,Lausitzer Braunkohlerevier
Schipkau,Landkreis Oberspreewald-Lausitz,01998,Brandenburg,§2,Lausitzer Braunkohlerevier
Schirgiswalde-Kirschau,Landkreis Bautzen,02681,Sachsen,§2,Lausitzer Braunkohlerevier
Schkeuditz,Landkreis Nordsachsen,04435,Sachsen,§2,Mitteldeutsches Braunkohlerevier
Schkopau,Saalekreis,06258,Sachsen-Anhalt,§2,Mitteldeutsches Braunkohlerevier
Schleiden,Kreis Euskirchen,53937,Nordrhein-Westfalen,§2,Rheinisches Braunkohlerevier
Schleife - Slepo,Landkreis Görlitz,02959,Sachsen,§2,Lausitzer Braunkohlerevier
Schlepzig,Landkreis Dahme-Spreewald,15910,Brandenburg,§2,Lausitzer Braunkohlerevier
Schlieben,Landkreis Elbe-Elster,04936,Brandenburg,§2,Lausitzer Braunkohlerevier
Schmelz,Landkreis Saarlouis,66839,Saarland,§11/12,Steinkohlenbergbaugebiete
Schmogrow-Fehrow,Landkreis Spree-Neiße,03096,Brandenburg,§2,Lausitzer Braunkohlerevier
Schmölln,Landkreis Altenburger Land,04626,Thüringen,§11/12,Steinkohlenbergbaugebiete
Schmölln-Putzkau,Landkreis Bautzen,01877,Sachsen,§2,Lausitzer Braunkohlerevier
Schnaudertal,Burgenlandkreis,06712,Sachsen-Anhalt,§2,Mitteldeutsches Braunkohlerevier
Schönau-Berzdorf auf dem Eigen,Landkreis Görlitz,02899,Sachsen,§2,Lausitzer Braunkohlerevier
Schönbach,Landkreis Görlitz,02708,Sachsen,§2,Lausitzer Braunkohlerevier
Schönborn,Landkreis Elbe-Elster,03253,Brandenburg,§2,Lausitzer Braunkohlerevier
Schönburg,Burgenlandkreis,06618,Sachsen-Anhalt,§2,Mitteldeutsches Braunkohlerevier
Schönefeld,Landkreis Dahme-Spreewald,12529,Brandenburg,§2,Lausitzer Braunkohlerevier
Schönewalde,Landkreis Elbe-Elster,04916,Brandenburg,§2,Lausitzer Braunkohlerevier
Schöningen,Landkreis Helmstedt,38364,Niedersachsen,§11/12,Steinkohlenbergbaugebiete
Schönwald,Landkreis Dahme-Spreewald,15910,Brandenburg,§2,Lausitzer Braunkohlerevier
Schönwölkau,Landkreis Nordsachsen,04509,Sachsen,§2,Mitteldeutsches Braunkohlerevier
Schöpstal,Landkreis Görlitz,02829,Sachsen,§2,Lausitzer Braunkohlerevier
Schorssow,Landkreis Rostock,17166,Mecklenburg-Vorpommern,§11/12,Steinkohlenbergbaugebiete
Schraden,Landkreis Elbe-Elster,04928,Brandenburg,§2,Lausitzer Braunkohlerevier
Schraplau,Saalekreis,06279,Sachsen-Anhalt,§2,Mitteldeutsches Braunkohlerevier
Schulzendorf,Landkreis Dahme-Spreewald,15732,Brandenburg,§2,Lausitzer Braunkohlerevier
Schwaan,Landkreis Rostock,18258,Mecklenburg-Vorpommern,§11/12,Steinkohlenbergbaugebiete
Schwalbach,Landkreis Saarlouis,66773,Saarland,§11/12,Steinkohlenbergbaugebiete
Schwarzbach,Landkreis Oberspreewald-Lausitz,01945,Brandenburg,§2,Lausitzer Braunkohlerevier
Schwarzheide,Landkreis Oberspreewald-Lausitz,01987,Brandenburg,§2,Lausitzer Braunkohlerevier
Schwasdorf,Landkreis Rostock,17168,Mecklenburg-Vorpommern,§11/12,Steinkohlenbergbaugebiete
Schwepnitz,Landkreis Bautzen,01936,Sachsen,§2,Lausitzer Braunkohlerevier
Schwerin,Landkreis Dahme-Spreewald,15755,Brandenburg,§2,Lausitzer Braunkohlerevier
Schwerte,Kreis Unna,58239,Nordrhein-Westfalen,§11/12,Steinkohlenbergbaugebiete
Schwielochsee,Landkreis Dahme-Spreewald,15913,Brandenburg,§2,Lausitzer Braunkohlerevier
Seegebiet Mansfelder Land,Landkreis Mansfeld-Südharz,06317,Sachsen-Anhalt,§2,Mitteldeutsches Braunkohlerevier
Seifhennersdorf,Landkreis Görlitz,02782,Sachsen,§2,Lausitzer Braunkohlerevier
Selfkant,Kreis Heinsberg,52538,Nordrhein-Westfalen,§2,Rheinisches Braunkohlerevier
Selm,Kreis Unna,59379,Nordrhein-Westfalen,§11/12,Steinkohlenbergbaugebiete
Selpin,Landkreis Rostock,18195,Mecklenburg-Vorpommern,§11/12,Steinkohlenbergbaugebiete
Senftenberg,Landkreis Oberspreewald-Lausitz,01945,Brandenburg,§2,Lausitzer Braunkohlerevier
Senftenberg,Landkreis Oberspreewald-Lausitz,01968,Brandenburg,§2,Lausitzer Braunkohlerevier
Senftenberg,Landkreis Oberspreewald-Lausitz,01996,Brandenburg,§2,Lausitzer Braunkohlerevier
Simmerath,Städteregion Aachen,52152,Nordrhein-Westfalen,§2,Rheinisches Braunkohlerevier
Sohland an der Spree,Landkreis Bautzen,02689,Sachsen,§2,Lausitzer Braunkohlerevier
Söllingen,Landkreis Helmstedt,38387,Niedersachsen,§11/12,Steinkohlenbergbaugebiete
Sonnewalde,Landkreis Elbe-Elster,03249,Brandenburg,§2,Lausitzer Braunkohlerevier
Spreetal - Sprjewiny Doł,Landkreis Bautzen,02979,Sachsen,§2,Lausitzer Braunkohlerevier
Spreewaldheide,Landkreis Dahme-Spreewald,15913,Brandenburg,§2,Lausitzer Braunkohlerevier
Spremberg,Landkreis Spree-Neiße,03130,Brandenburg,§2,Lausitzer Braunkohlerevier
Stäbelow,Landkreis Rostock,18198,Mecklenburg-Vorpommern,§11/12,Steinkohlenbergbaugebiete
Starkenberg,Landkreis Altenburger Land,04617,Thüringen,§11/12,Steinkohlenbergbaugebiete
Steffenshagen,Landkreis Rostock,18209,Mecklenburg-Vorpommern,§11/12,Steinkohlenbergbaugebiete
Steigra,Saalekreis,06268,Sachsen-Anhalt,§2,Mitteldeutsches Braunkohlerevier
Steina,Landkreis Bautzen,01920,Sachsen,§2,Lausitzer Braunkohlerevier
Steinhagen,Landkreis Rostock,18246,Mecklenburg-Vorpommern,§11/12,Steinkohlenbergbaugebiete
Steinigtwolmsdorf,Landkreis Bautzen,01904,Sachsen,§2,Lausitzer Braunkohlerevier
Steinreich,Landkreis Dahme-Spreewald,15938,Brandenburg,§2,Lausitzer Braunkohlerevier
Stolberg,Städteregion Aachen,52222,Nordrhein-Westfalen,§2,Rheinisches Braunkohlerevier
Stolberg,Städteregion Aachen,52223,Nordrhein-Westfalen,§2,Rheinisches Braunkohlerevier
Stolberg,Städteregion Aachen,52224,Nordrhein-Westfalen,§2,Rheinisches Braunkohlerevier
Stößen,Burgenlandkreis,06667,Sachsen-Anhalt,§2,Mitteldeutsches Braunkohlerevier
Straupitz (Spreewald),Landkreis Dahme-Spreewald,15913,Brandenburg,§2,Lausitzer Braunkohlerevier
Stubbendorf,Landkreis Rostock,18195,Mecklenburg-Vorpommern,§11/12,Steinkohlenbergbaugebiete
Südharz,Landkreis Mansfeld-Südharz,06536,Sachsen-Anhalt,§2,Mitteldeutsches Braunkohlerevier
Südliches Anhalt,Landkreis Anhalt-Bitterfeld,06369,Sachsen-Anhalt,§2,Mitteldeutsches Braunkohlerevier
Südliches Anhalt,Landkreis Anhalt-Bitterfeld,06386,Sachsen-Anhalt,§2,Mitteldeutsches Braunkohlerevier
Südliches Anhalt,Landkreis Anhalt-Bitterfeld,06388,Sachsen-Anhalt,§2,Mitteldeutsches Braunkohlerevier
Sukow-Levitzow,Landkreis Rostock,17168,Mecklenburg-Vorpommern,§11/12,Steinkohlenbergbaugebiete
Sulzbach/Saar,Regionalverband Saarbrücken,66280,Saarland,§11/12,Steinkohlenbergbaugebiete
Süpplingen,Landkreis Helmstedt,38373,Niedersachsen,§11/12,Steinkohlenbergbaugebiete
Süpplingenburg,Landkreis Helmstedt,38376,Niedersachsen,§11/12,Steinkohlenbergbaugebiete
Tarnow,Landkreis Rostock,18249,Mecklenburg-Vorpommern,§11/12,Steinkohlenbergbaugebiete
Taucha,Landkreis Nordsachsen,04425,Sachsen,§2,Mitteldeutsches Braunkohlerevier
Tauer,Landkreis Spree-Neiße,03185,Brandenburg,§2,Lausitzer Braunkohlerevier
Teichland,Landkreis Spree-Neiße,03185,Brandenburg,§2,Lausitzer Braunkohlerevier
Tessin,Landkreis Rostock,18195,Mecklenburg-Vorpommern,§11/12,Steinkohlenbergbaugebiete
Teterow,Landkreis Rostock,17166,Mecklenburg-Vorpommern,§11/12,Steinkohlenbergbaugebiete
Tettau,Landkreis Oberspreewald-Lausitz,01945,Brandenburg,§2,Lausitzer Braunkohlerevier
Teuchern,Burgenlandkreis,06682,Sachsen-Anhalt,§2,Mitteldeutsches Braunkohlerevier
Teupitz,Landkreis Dahme-Spreewald,15755,Brandenburg,§2,Lausitzer Braunkohlerevier
Teutschenthal,Saalekreis,06179,Sachsen-Anhalt,§2,Mitteldeutsches Braunkohlerevier
Thallwitz,Landkreis Leipzig,04808,Sachsen,§2,Mitteldeutsches Braunkohlerevier
Thelkow,Landkreis Rostock,18195,Mecklenburg-Vorpommern,§11/12,Steinkohlenbergbaugebiete
Thonhausen,Landkreis Altenburger Land,04626,Thüringen,§11/12,Steinkohlenbergbaugebiete
Thulendorf,Landkreis Rostock,18184,Mecklenburg-Vorpommern,§11/12,Steinkohlenbergbaugebiete
Thürkow,Landkreis Rostock,17168,Mecklenburg-Vorpommern,§11/12,Steinkohlenbergbaugebiete
Titz,Kreis Düren,52445,Nordrhein-Westfalen,§2,Rheinisches Braunkohlerevier
Torgau,Landkreis Nordsachsen,04860,Sachsen,§2,Mitteldeutsches Braunkohlerevier
Torgau,Landkreis Nordsachsen,04861,Sachsen,§2,Mitteldeutsches Braunkohlerevier
Treben,Landkreis Altenburger Land,04617,Thüringen,§11/12,Steinkohlenbergbaugebiete
Trebendorf - Trjebin,Landkreis Görlitz,02959,Sachsen,§2,Lausitzer Braunkohlerevier
Trebsen/Mulde,Landkreis Leipzig,04687,Sachsen,§2,Mitteldeutsches Braunkohlerevier
Tröbitz,Landkreis Elbe-Elster,03253,Brandenburg,§2,Lausitzer Braunkohlerevier
Trossin,Landkreis Nordsachsen,04880,Sachsen,§2,Mitteldeutsches Braunkohlerevier
Tschernitz,Landkreis Spree-Neiße,03130,Brandenburg,§2,Lausitzer Braunkohlerevier
Turnow-Preilack,Landkreis Spree-Neiße,03185,Brandenburg,§2,Lausitzer Braunkohlerevier
Übach-Palenberg,Kreis Heinsberg,52531,Nordrhein-Westfalen,§2,Rheinisches Braunkohlerevier
Überherrn,Landkreis Saarlouis,66802,Saarland,§11/12,Steinkohlenbergbaugebiete
Uebigau-Wahrenbrück,Landkreis Elbe-Elster,04895,Brandenburg,§2,Lausitzer Braunkohlerevier
Uebigau-Wahrenbrück,Landkreis Elbe-Elster,04924,Brandenburg,§2,Lausitzer Braunkohlerevier
Uebigau-Wahrenbrück,Landkreis Elbe-Elster,04938,Brandenburg,§2,Lausitzer Braunkohlerevier
Unna,Kreis Unna,59423,Nordrhein-Westfalen,§11/12,Steinkohlenbergbaugebiete
Unna,Kreis Unna,59425,Nordrhein-Westfalen,§11/12,Steinkohlenbergbaugebiete
Unna,Kreis Unna,59427,Nordrhein-Westfalen,§11/12,Steinkohlenbergbaugebiete
Unterspreewald,Landkreis Dahme-Spreewald,15910,Brandenburg,§2,Lausitzer Braunkohlerevier
Velpke,Landkreis Helmstedt,38458,Niedersachsen,§11/12,Steinkohlenbergbaugebiete
Vetschau/Spreewald,Landkreis Oberspreewald-Lausitz,03226,Brandenburg,§2,Lausitzer Braunkohlerevier
Vettweiß,Kreis Düren,52391,Nordrhein-Westfalen,§2,Rheinisches Braunkohlerevier
Vierkirchen,Landkreis Görlitz,02894,Sachsen,§2,Lausitzer Braunkohlerevier
Völklingen,Regionalverband Saarbrücken,66333,Saarland,§11/12,Steinkohlenbergbaugebiete
Vollmershain,Landkreis Altenburger Land,04626,Thüringen,§11/12,Steinkohlenbergbaugebiete
Vorbeck,Landkreis Rostock,18258,Mecklenburg-Vorpommern,§11/12,Steinkohlenbergbaugebiete
Wachau,Landkreis Bautzen,01454,Sachsen,§2,Lausitzer Braunkohlerevier
Wadgassen,Landkreis Saarlouis,66787,Saarland,§11/12,Steinkohlenbergbaugebiete
Waldfeucht,Kreis Heinsberg,52525,Nordrhein-Westfalen,§2,Rheinisches Braunkohlerevier
Waldhufen,Landkreis Görlitz,02906,Sachsen,§2,Lausitzer Braunkohlerevier
Walkendorf,Landkreis Rostock,17179,Mecklenburg-Vorpommern,§11/12,Steinkohlenbergbaugebiete
Wallerfangen,Landkreis Saarlouis,66798,Saarland,§11/12,Steinkohlenbergbaugebiete
Wallhausen,Landkreis Mansfeld-Südharz,06528,Sachsen-Anhalt,§2,Mitteldeutsches Braunkohlerevier
Warberg,Landkreis Helmstedt,38378,Niedersachsen,§11/12,Steinkohlenbergbaugebiete
Wardow,Landkreis Rostock,18299,Mecklenburg-Vorpommern,§11/12,Steinkohlenbergbaugebiete
Warnkenhagen,Landkreis Rostock,17168,Mecklenburg-Vorpommern,§11/12,Steinkohlenbergbaugebiete
Warnow,Landkreis Rostock,18249,Mecklenburg-Vorpommern,§11/12,Steinkohlenbergbaugebiete
Wassenberg,Kreis Heinsberg,41849,Nordrhein-Westfalen,§2,Rheinisches Braunkohlerevier
Wegberg,Kreis Heinsberg,41844,Nordrhein-Westfalen,§2,Rheinisches Braunkohlerevier
Weilerswist,Kreis Euskirchen,53919,Nordrhein-Westfalen,§2,Rheinisches Braunkohlerevier
Weißenberg - Wóspork,Landkreis Bautzen,02627,Sachsen,§2,Lausitzer Braunkohlerevier
Weißenfels,Burgenlandkreis,06667,Sachsen-Anhalt,§2,Mitteldeutsches Braunkohlerevier
Weißenfels,Burgenlandkreis,06688,Sachsen-Anhalt,§2,Mitteldeutsches Braunkohlerevier
Weißkeißel – Wuskidź,Landkreis Görlitz,02957,Sachsen,§2,Lausitzer Braunkohlerevier
Weißwasser/O.L. - Běła Woda,Landkreis Görlitz,02943,Sachsen,§2,Lausitzer Braunkohlerevier
Welzow,Landkreis Spree-Neiße,03119,Brandenburg,§2,Lausitzer Braunkohlerevier
Werben,Landkreis Spree-Neiße,03096,Brandenburg,§2,Lausitzer Braunkohlerevier
Wermsdorf,Landkreis Nordsachsen,04779,Sachsen,§2,Mitteldeutsches Braunkohlerevier
Werne,Kreis Unna,59368,Nordrhein-Westfalen,§11/12,Steinkohlenbergbaugebiete
Wesseling,Rhein-Erft-Kreis,50389,Nordrhein-Westfalen,§2,Rheinisches Braunkohlerevier
Wethau,Burgenlandkreis,06618,Sachsen-Anhalt,§2,Mitteldeutsches Braunkohlerevier
Wetterzeube,Burgenlandkreis,06722,Sachsen-Anhalt,§2,Mitteldeutsches Braunkohlerevier
Wettin-Löbejün,Saalekreis,06193,Sachsen-Anhalt,§2,Mitteldeutsches Braunkohlerevier
Wiedemar,Landkreis Nordsachsen,04509,Sachsen,§2,Mitteldeutsches Braunkohlerevier
Wiendorf,Landkreis Rostock,18258,Mecklenburg-Vorpommern,§11/12,Steinkohlenbergbaugebiete
Wiesengrund,Landkreis Spree-Neiße,03149,Brandenburg,§2,Lausitzer Braunkohlerevier
Wildau,Landkreis Dahme-Spreewald,15745,Brandenburg,§2,Lausitzer Braunkohlerevier
Wilthen,Landkreis Bautzen,02681,Sachsen,§2,Lausitzer Braunkohlerevier
Wimmelburg,Landkreis Mansfeld-Südharz,06313,Sachsen-Anhalt,§2,Mitteldeutsches Braunkohlerevier
Windischleuba,Landkreis Altenburger Land,04603,Thüringen,§11/12,Steinkohlenbergbaugebiete
Wittenbeck,Landkreis Rostock,18209,Mecklenburg-Vorpommern,§11/12,Steinkohlenbergbaugebiete
Wittichenau - Kulow,Landkreis Bautzen,02997,Sachsen,§2,Lausitzer Braunkohlerevier
Wolsdorf,Landkreis Helmstedt,38379,Niedersachsen,§11/12,Steinkohlenbergbaugebiete
Würselen,Städteregion Aachen,52146,Nordrhein-Westfalen,§2,Rheinisches Braunkohlerevier
Wurzen,Landkreis Leipzig,04808,Sachsen,§2,Mitteldeutsches Braunkohlerevier
Zarnewanz,Landkreis Rostock,18195,Mecklenburg-Vorpommern,§11/12,Steinkohlenbergbaugebiete
Zehna,Landkreis Rostock,18276,Mecklenburg-Vorpommern,§11/12,Steinkohlenbergbaugebiete
Zeitz,Burgenlandkreis,06711,Sachsen-Anhalt,§2,Mitteldeutsches Braunkohlerevier
Zeitz,Burgenlandkreis,06712,Sachsen-Anhalt,§2,Mitteldeutsches Braunkohlerevier
Zepelin,Landkreis Rostock,18246,Mecklenburg-Vorpommern,§11/12,Steinkohlenbergbaugebiete
Zerbst/Anhalt,Landkreis Anhalt-Bitterfeld,39261,Sachsen-Anhalt,§2,Mitteldeutsches Braunkohlerevier
Zerbst/Anhalt,Landkreis Anhalt-Bitterfeld,39264,Sachsen-Anhalt,§2,Mitteldeutsches Braunkohlerevier
Zeuthen,Landkreis Dahme-Spreewald,15738,Brandenburg,§2,Lausitzer Braunkohlerevier
Ziesendorf,Landkreis Rostock,18059,Mecklenburg-Vorpommern,§11/12,Steinkohlenbergbaugebiete
Zittau,Landkreis Görlitz,02763,Sachsen,§2,Lausitzer Braunkohlerevier
Zittau,Landkreis Görlitz,02788,Sachsen,§2,Lausitzer Braunkohlerevier
Zörbig,Landkreis Anhalt-Bitterfeld,06780,Sachsen-Anhalt,§2,Mitteldeutsches Braunkohlerevier
Zschepplin,Landkreis Nordsachsen,04838,Sachsen,§2,Mitteldeutsches Braunkohlerevier
Zülpich,Kreis Euskirchen,53909,Nordrhein-Westfalen,§2,Rheinisches Braunkohlerevier
Zwenkau,Landkreis Leipzig,04442,Sachsen,§2,Mitteldeutsches Braunkohlerevier
Cottbus - Chóśebuz,Cottbus - Chóśebuz,03042,Brandenburg,§2,Lausitzer Braunkohlerevier
Cottbus - Chóśebuz,Cottbus - Chóśebuz,03044,Brandenburg,§2,Lausitzer Braunkohlerevier
Cottbus - Chóśebuz,Cottbus - Chóśebuz,03046,Brandenburg,§2,Lausitzer Braunkohlerevier
Cottbus - Chóśebuz,Cottbus - Chóśebuz,03048,Brandenburg,§2,Lausitzer Braunkohlerevier
Cottbus - Chóśebuz,Cottbus - Chóśebuz,03050,Brandenburg,§2,Lausitzer Braunkohlerevier
Cottbus - Chóśebuz,Cottbus - Chóśebuz,03051,Brandenburg,§2,Lausitzer Braunkohlerevier
Cottbus - Chóśebuz,Cottbus - Chóśebuz,03052,Brandenburg,§2,Lausitzer Braunkohlerevier
Cottbus - Chóśebuz,Cottbus - Chóśebuz,03053,Brandenburg,§2,Lausitzer Braunkohlerevier
Cottbus - Chóśebuz,Cottbus - Chóśebuz,03054,Brandenburg,§2,Lausitzer Braunkohlerevier
Cottbus - Chóśebuz,Cottbus - Chóśebuz,03055,Brandenburg,§2,Lausitzer Braunkohlerevier
Duisburg,Duisburg,47051,Nordrhein-Westfalen,§11/12,Steinkohlenbergbaugebiete
Duisburg,Duisburg,47053,Nordrhein-Westfalen,§11/12,Steinkohlenbergbaugebiete
Duisburg,Duisburg,47055,Nordrhein-Westfalen,§11/12,Steinkohlenbergbaugebiete
Duisburg,Duisburg,47057,Nordrhein-Westfalen,§11/12,Steinkohlenbergbaugebiete
Duisburg,Duisburg,47058,Nordrhein-Westfalen,§11/12,Steinkohlenbergbaugebiete
Duisburg,Duisburg,47059,Nordrhein-Westfalen,§11/12,Steinkohlenbergbaugebiete
Duisburg,Duisburg,47119,Nordrhein-Westfalen,§11/12,Steinkohlenbergbaugebiete
Duisburg,Duisburg,47137,Nordrhein-Westfalen,§11/12,Steinkohlenbergbaugebiete
Duisburg,Duisburg,47138,Nordrhein-Westfalen,§11/12,Steinkohlenbergbaugebiete
Duisburg,Duisburg,47139,Nordrhein-Westfalen,§11/12,Steinkohlenbergbaugebiete
Duisburg,Duisburg,47166,Nordrhein-Westfalen,§11/12,Steinkohlenbergbaugebiete
Duisburg,Duisburg,47167,Nordrhein-Westfalen,§11/12,Steinkohlenbergbaugebiete
Duisburg,Duisburg,47169,Nordrhein-Westfalen,§11/12,Steinkohlenbergbaugebiete
Duisburg,Duisburg,47178,Nordrhein-Westfalen,§11/12,Steinkohlenbergbaugebiete
Duisburg,Duisburg,47179,Nordrhein-Westfalen,§11/12,Steinkohlenbergbaugebiete
Duisburg,Duisburg,47198,Nordrhein-Westfalen,§11/12,Steinkohlenbergbaugebiete
Duisburg,Duisburg,47199,Nordrhein-Westfalen,§11/12,Steinkohlenbergbaugebiete
Duisburg,Duisburg,47226,Nordrhein-Westfalen,§11/12,Steinkohlenbergbaugebiete
Duisburg,Duisburg,47228,Nordrhein-Westfalen,§11/12,Steinkohlenbergbaugebiete
Duisburg,Duisburg,47229,Nordrhein-Westfalen,§11/12,Steinkohlenbergbaugebiete
Duisburg,Duisburg,47239,Nordrhein-Westfalen,§11/12,Steinkohlenbergbaugebiete
Duisburg,Duisburg,47249,Nordrhein-Westfalen,§11/12,Steinkohlenbergbaugebiete
Duisburg,Duisburg,47259,Nordrhein-Westfalen,§11/12,Steinkohlenbergbaugebiete
Duisburg,Duisburg,47269,Nordrhein-Westfalen,§11/12,Steinkohlenbergbaugebiete
Duisburg,Duisburg,47279,Nordrhein-Westfalen,§11/12,Steinkohlenbergbaugebiete
Gelsenkirchen,Gelsenkirchen,45879,Nordrhein-Westfalen,§11/12,Steinkohlenbergbaugebiete
Gelsenkirchen,Gelsenkirchen,45881,Nordrhein-Westfalen,§11/12,Steinkohlenbergbaugebiete
Gelsenkirchen,Gelsenkirchen,45883,Nordrhein-Westfalen,§11/12,Steinkohlenbergbaugebiete
Gelsenkirchen,Gelsenkirchen,45884,Nordrhein-Westfalen,§11/12,Steinkohlenbergbaugebiete
Gelsenkirchen,Gelsenkirchen,45886,Nordrhein-Westfalen,§11/12,Steinkohlenbergbaugebiete
Gelsenkirchen,Gelsenkirchen,45888,Nordrhein-Westfalen,§11/12,Steinkohlenbergbaugebiete
Gelsenkirchen,Gelsenkirchen,45889,Nordrhein-Westfalen,§11/12,Steinkohlenbergbaugebiete
Gelsenkirchen,Gelsenkirchen,45891,Nordrhein-Westfalen,§11/12,Steinkohlenbergbaugebiete
Gelsenkirchen,Gelsenkirchen,45892,Nordrhein-Westfalen,§11/12,Steinkohlenbergbaugebiete
Gelsenkirchen,Gelsenkirchen,45894,Nordrhein-Westfalen,§11/12,Steinkohlenbergbaugebiete
Gelsenkirchen,Gelsenkirchen,45896,Nordrhein-Westfalen,§11/12,Steinkohlenbergbaugebiete
Gelsenkirchen,Gelsenkirchen,45897,Nordrhein-Westfalen,§11/12,Steinkohlenbergbaugebiete
Gelsenkirchen,Gelsenkirchen,45899,Nordrhein-Westfalen,§11/12,Steinkohlenbergbaugebiete
Halle (Saale),Halle (Saale),06108,Sachsen-Anhalt,§2,Mitteldeutsches Braunkohlerevier
Halle (Saale),Halle (Saale),06110,Sachsen-Anhalt,§2,Mitteldeutsches Braunkohlerevier
Halle (Saale),Halle (Saale),06112,Sachsen-Anhalt,§2,Mitteldeutsches Braunkohlerevier
Halle (Saale),Halle (Saale),06114,Sachsen-Anhalt,§2,Mitteldeutsches Braunkohlerevier
Halle (Saale),Halle (Saale),06116,Sachsen-Anhalt,§2,Mitteldeutsches Braunkohlerevier
Halle (Saale),Halle (Saale),06118,Sachsen-Anhalt,§2,Mitteldeutsches Braunkohlerevier
Halle (Saale),Halle (Saale),06120,Sachsen-Anhalt,§2,Mitteldeutsches Braunkohlerevier
Halle (Saale),Halle (Saale),06122,Sachsen-Anhalt,§2,Mitteldeutsches Braunkohlerevier
Halle (Saale),Halle (Saale),06124,Sachsen-Anhalt,§2,Mitteldeutsches Braunkohlerevier
Halle (Saale),Halle (Saale),06126,Sachsen-Anhalt,§2,Mitteldeutsches Braunkohlerevier
Halle (Saale),Halle (Saale),06128,Sachsen-Anhalt,§2,Mitteldeutsches Braunkohlerevier
Halle (Saale),Halle (Saale),06130,Sachsen-Anhalt,§2,Mitteldeutsches Braunkohlerevier
Halle (Saale),Halle (Saale),06132,Sachsen-Anhalt,§2,Mitteldeutsches Braunkohlerevier
Hamm,Hamm,59063,Nordrhein-Westfalen,§11/12,Steinkohlenbergbaugebiete
Hamm,Hamm,59065,Nordrhein-Westfalen,§11/12,Steinkohlenbergbaugebiete
Hamm,Hamm,59067,Nordrhein-Westfalen,§11/12,Steinkohlenbergbaugebiete
Hamm,Hamm,59069,Nordrhein-Westfalen,§11/12,Steinkohlenbergbaugebiete
Hamm,Hamm,59071,Nordrhein-Westfalen,§11/12,Steinkohlenbergbaugebiete
Hamm,Hamm,59073,Nordrhein-Westfalen,§11/12,Steinkohlenbergbaugebiete
Hamm,Hamm,59075,Nordrhein-Westfalen,§11/12,Steinkohlenbergbaugebiete
Hamm,Hamm,59077,Nordrhein-Westfalen,§11/12,Steinkohlenbergbaugebiete
Herne,Herne,44623,Nordrhein-Westfalen,§11/12,Steinkohlenbergbaugebiete
Herne,Herne,44625,Nordrhein-Westfalen,§11/12,Steinkohlenbergbaugebiete
Herne,Herne,44627,Nordrhein-Westfalen,§11/12,Steinkohlenbergbaugebiete
Herne,Herne,44628,Nordrhein-Westfalen,§11/12,Steinkohlenbergbaugebiete
Herne,Herne,44629,Nordrhein-Westfalen,§11/12,Steinkohlenbergbaugebiete
Herne,Herne,44649,Nordrhein-Westfalen,§11/12,Steinkohlenbergbaugebiete
Herne,Herne,44651,Nordrhein-Westfalen,§11/12,Steinkohlenbergbaugebiete
Herne,Herne,44652,Nordrhein-Westfalen,§11/12,Steinkohlenbergbaugebiete
Herne,Herne,44653,Nordrhein-Westfalen,§11/12,Steinkohlenbergbaugebiete
Leipzig,Leipzig,04103,Sachsen,§2,Mitteldeutsches Braunkohlerevier
Leipzig,Leipzig,04105,Sachsen,§2,Mitteldeutsches Braunkohlerevier
Leipzig,Leipzig,04107,Sachsen,§2,Mitteldeutsches Braunkohlerevier
Leipzig,Leipzig,04109,Sachsen,§2,Mitteldeutsches Braunkohlerevier
Leipzig,Leipzig,04129,Sachsen,§2,Mitteldeutsches Braunkohlerevier
Leipzig,Leipzig,04155,Sachsen,§2,Mitteldeutsches Braunkohlerevier
Leipzig,Leipzig,04157,Sachsen,§2,Mitteldeutsches Braunkohlerevier
Leipzig,Leipzig,04158,Sachsen,§2,Mitteldeutsches Braunkohlerevier
Leipzig,Leipzig,04159,Sachsen,§2,Mitteldeutsches Braunkohlerevier
Leipzig,Leipzig,04177,Sachsen,§2,Mitteldeutsches Braunkohlerevier
Leipzig,Leipzig,04178,Sachsen,§2,Mitteldeutsches Braunkohlerevier
Leipzig,Leipzig,04179,Sachsen,§2,Mitteldeutsches Braunkohlerevier
Leipzig,Leipzig,04205,Sachsen,§2,Mitteldeutsches Braunkohlerevier
Leipzig,Leipzig,04207,Sachsen,§2,Mitteldeutsches Braunkohlerevier
Leipzig,Leipzig,04209,Sachsen,§2,Mitteldeutsches Braunkohlerevier
Leipzig,Leipzig,04229,Sachsen,§2,Mitteldeutsches Braunkohlerevier
Leipzig,Leipzig,04249,Sachsen,§2,Mitteldeutsches Braunkohlerevier
Leipzig,Leipzig,04275,Sachsen,§2,Mitteldeutsches Braunkohlerevier
Leipzig,Leipzig,04277,Sachsen,§2,Mitteldeutsches Braunkohlerevier
Leipzig,Leipzig,04279,Sachsen,§2,Mitteldeutsches Braunkohlerevier
Leipzig,Leipzig,04288,Sachsen,§2,Mitteldeutsches Braunkohlerevier
Leipzig,Leipzig,04289,Sachsen,§2,Mitteldeutsches Braunkohlerevier
Leipzig,Leipzig,04299,Sachsen,§2,Mitteldeutsches Braunkohlerevier
Leipzig,Leipzig,04315,Sachsen,§2,Mitteldeutsches Braunkohlerevier
Leipzig,Leipzig,04316,Sachsen,§2,Mitteldeutsches Braunkohlerevier
Leipzig,Leipzig,04317,Sachsen,§2,Mitteldeutsches Braunkohlerevier
Leipzig,Leipzig,04318,Sachsen,§2,Mitteldeutsches Braunkohlerevier
Leipzig,Leipzig,04319,Sachsen,§2,Mitteldeutsches Braunkohlerevier
Leipzig,Leipzig,04328,Sachsen,§2,Mitteldeutsches Braunkohlerevier
Leipzig,Leipzig,04329,Sachsen,§2,Mitteldeutsches Braunkohlerevier
Leipzig,Leipzig,04347,Sachsen,§2,Mitteldeutsches Braunkohlerevier
Leipzig,Leipzig,04349,Sachsen,§2,Mitteldeutsches Braunkohlerevier
Leipzig,Leipzig,04356,Sachsen,§2,Mitteldeutsches Braunkohlerevier
Leipzig,Leipzig,04357,Sachsen,§2,Mitteldeutsches Braunkohlerevier
Mönchengladbach,Mönchengladbach,41061,Nordrhein-Westfalen,§2,Rheinisches Braunkohlerevier
Mönchengladbach,Mönchengladbach,41063,Nordrhein-Westfalen,§2,Rheinisches Braunkohlerevier
Mönchengladbach,Mönchengladbach,41065,Nordrhein-Westfalen,§2,Rheinisches Braunkohlerevier
Mönchengladbach,Mönchengladbach,41066,Nordrhein-Westfalen,§2,Rheinisches Braunkohlerevier
Mönchengladbach,Mönchengladbach,41068,Nordrhein-Westfalen,§2,Rheinisches Braunkohlerevier
Mönchengladbach,Mönchengladbach,41069,Nordrhein-Westfalen,§2,Rheinisches Braunkohlerevier
Mönchengladbach,Mönchengladbach,41169,Nordrhein-Westfalen,§2,Rheinisches Braunkohlerevier
Mönchengladbach,Mönchengladbach,41179,Nordrhein-Westfalen,§2,Rheinisches Braunkohlerevier
Mönchengladbach,Mönchengladbach,41189,Nordrhein-Westfalen,§2,Rheinisches Braunkohlerevier
Mönchengladbach,Mönchengladbach,41199,Nordrhein-Westfalen,§2,Rheinisches Braunkohlerevier
Mönchengladbach,Mönchengladbach,41236,Nordrhein-Westfalen,§2,Rheinisches Braunkohlerevier
Mönchengladbach,Mönchengladbach,41238,Nordrhein-Westfalen,§2,Rheinisches Braunkohlerevier
Mönchengladbach,Mönchengladbach,41239,Nordrhein-Westfalen,§2,Rheinisches Braunkohlerevier
Rostock,Rostock,18055,Mecklenburg-Vorpommern,§11/12,Steinkohlenbergbaugebiete
Rostock,Rostock,18057,Mecklenburg-Vorpommern,§11/12,Steinkohlenbergbaugebiete
Rostock,Rostock,18059,Mecklenburg-Vorpommern,§11/12,Steinkohlenbergbaugebiete
Rostock,Rostock,18069,Mecklenburg-Vorpommern,§11/12,Steinkohlenbergbaugebiete
Rostock,Rostock,18106,Mecklenburg-Vorpommern,§11/12,Steinkohlenbergbaugebiete
Rostock,Rostock,18107,Mecklenburg-Vorpommern,§11/12,Steinkohlenbergbaugebiete
Rostock,Rostock,18109,Mecklenburg-Vorpommern,§11/12,Steinkohlenbergbaugebiete
Rostock,Rostock,18119,Mecklenburg-Vorpommern,§11/12,Steinkohlenbergbaugebiete
Rostock,Rostock,18146,Mecklenburg-Vorpommern,§11/12,Steinkohlenbergbaugebiete
Rostock,Rostock,18147,Mecklenburg-Vorpommern,§11/12,Steinkohlenbergbaugebiete
Rostock,Rostock,18181,Mecklenburg-Vorpommern,§11/12,Steinkohlenbergbaugebiete
Rostock,Rostock,18182,Mecklenburg-Vorpommern,§11/12,Steinkohlenbergbaugebiete
Wilhelmshaven,Wilhelmshaven,26382,Niedersachsen,§11/12,Steinkohlenbergbaugebiete
Wilhelmshaven,Wilhelmshaven,26384,Niedersachsen,§11/12,Steinkohlenbergbaugebiete
Wilhelmshaven,Wilhelmshaven,26386,Niedersachsen,§11/12,Steinkohlenbergbaugebiete
Wilhelmshaven,Wilhelmshaven,26388,Niedersachsen,§11/12,Steinkohlenbergbaugebiete
Wilhelmshaven,Wilhelmshaven,26389,Niedersachsen,§11/12,Steinkohlenbergbaugebiete
