osm_id,ags,ort,plz,landkreis,bundesland
62564,05334002,Aachen,52062,Städteregion Aachen,Nordrhein-Westfalen
62564,05334002,Aachen,52064,Städteregion Aachen,Nordrhein-Westfalen
62564,05334002,Aachen,52066,Städteregion Aachen,Nordrhein-Westfalen
62564,05334002,Aachen,52068,Städteregion Aachen,Nordrhein-Westfalen
62564,05334002,Aachen,52070,Städteregion Aachen,Nordrhein-Westfalen
62564,05334002,Aachen,52072,Städteregion Aachen,Nordrhein-Westfalen
62564,05334002,Aachen,52074,Städteregion Aachen,Nordrhein-Westfalen
62564,05334002,Aachen,52076,Städteregion Aachen,Nordrhein-Westfalen
62564,05334002,Aachen,52078,Städteregion Aachen,Nordrhein-Westfalen
62564,05334002,Aachen,52080,Städteregion Aachen,Nordrhein-Westfalen
391131,13072001,Admannshagen-Bargeshagen,18211,Landkreis Rostock,Mecklenburg-Vorpommern
2409456,15087010,Ahlsdorf,06313,Landkreis Mansfeld-Südharz,Sachsen-Anhalt
1329407,15082005,Aken (Elbe),06385,Landkreis Anhalt-Bitterfeld,Sachsen-Anhalt
1329407,15082005,Aken (Elbe),06386,Landkreis Anhalt-Bitterfeld,Sachsen-Anhalt
158407,05358004,Aldenhoven,52457,Kreis Düren,Nordrhein-Westfalen
2397385,15087015,Allstedt,06542,Landkreis Mansfeld-Südharz,Sachsen-Anhalt
157993,05334004,Alsdorf,52477,Städteregion Aachen,Nordrhein-Westfalen
394333,13072002,Alt Bukow,18233,Landkreis Rostock,Mecklenburg-Vorpommern
1322902,12066008,Altdöbern,03229,Landkreis Oberspreewald-Lausitz,Brandenburg
1263721,16077001,Altenburg,04600,Landkreis Altenburger Land,Thüringen
2020631,13072004,Altkalen,17179,Landkreis Rostock,Mecklenburg-Vorpommern
1996945,13072003,Alt Sührkow,17166,Landkreis Rostock,Mecklenburg-Vorpommern
1388877,12061005,Alt Zauche-Wußwerk,15913,Landkreis Dahme-Spreewald,Brandenburg
394330,13072005,Am Salzhaff,18233,Landkreis Rostock,Mecklenburg-Vorpommern
2402486,15084012,An der Poststraße,06647,Burgenlandkreis,Sachsen-Anhalt
1307625,14625010,Arnsdorf,01477,Landkreis Bautzen,Sachsen
2408603,15087031,Arnstein,06456,Landkreis Mansfeld-Südharz,Sachsen-Anhalt
534446,14730010,Arzberg,04886,Landkreis Nordsachsen,Sachsen
2402429,15084015,Bad Bibra,06647,Burgenlandkreis,Sachsen-Anhalt
394348,13072006,Bad Doberan,18209,Landkreis Rostock,Mecklenburg-Vorpommern
445993,14730020,Bad Düben,04849,Landkreis Nordsachsen,Sachsen
2405940,15088020,Bad Dürrenberg,06231,Saalekreis,Sachsen-Anhalt
422335,14729010,Bad Lausick,04651,Landkreis Leipzig,Sachsen
1328907,12062024,Bad Liebenwerda,04895,Landkreis Elbe-Elster,Brandenburg
1328907,12062024,Bad Liebenwerda,04924,Landkreis Elbe-Elster,Brandenburg
1328907,12062024,Bad Liebenwerda,04931,Landkreis Elbe-Elster,Brandenburg
158145,05366004,Bad Münstereifel,53902,Kreis Euskirchen,Nordrhein-Westfalen
1310515,14626010,Bad Muskau - Mužakow,02953,Landkreis Görlitz,Sachsen
157991,05334008,Baesweiler,52499,Städteregion Aachen,Nordrhein-Westfalen
1446642,03154001,Bahrdorf,38459,Landkreis Helmstedt,Niedersachsen
2403546,15084025,Balgstädt,06632,Burgenlandkreis,Sachsen-Anhalt
2396133,15088030,Barnstädt,06268,Saalekreis,Sachsen-Anhalt
156532,13072007,Bartenshagen-Parkentin,18209,Landkreis Rostock,Mecklenburg-Vorpommern
394351,13072008,Bastorf,18230,Landkreis Rostock,Mecklenburg-Vorpommern
1959686,13072009,Baumgarten,18246,Landkreis Rostock,Mecklenburg-Vorpommern
1309674,14625020,Bautzen - Budyšin,02625,Landkreis Bautzen,Sachsen
168465,05362004,Bedburg,50181,Rhein-Erft-Kreis,Nordrhein-Westfalen
2020632,13072010,Behren-Lübchin,17179,Landkreis Rostock,Mecklenburg-Vorpommern
1310862,14626020,Beiersdorf,02736,Landkreis Görlitz,Sachsen
1446650,03154002,Beierstedt,38382,Landkreis Helmstedt,Niedersachsen
534449,14730030,Beilrode,04886,Landkreis Nordsachsen,Sachsen
2688685,14730045,Belgern-Schildau,04874,Landkreis Nordsachsen,Sachsen
2688685,14730045,Belgern-Schildau,04889,Landkreis Nordsachsen,Sachsen
420484,14729020,Belgershain,04683,Landkreis Leipzig,Sachsen
394325,13072011,Benitz,18258,Landkreis Rostock,Mecklenburg-Vorpommern
2409457,15087045,Benndorf,06308,Landkreis Mansfeld-Südharz,Sachsen-Anhalt
422921,14729030,Bennewitz,04828,Landkreis Leipzig,Sachsen
393339,13072012,Bentwisch,18182,Landkreis Rostock,Mecklenburg-Vorpommern
2397458,15087055,Berga,06536,Landkreis Mansfeld-Südharz,Sachsen-Anhalt
168469,05362008,Bergheim,50126,Rhein-Erft-Kreis,Nordrhein-Westfalen
168469,05362008,Bergheim,50127,Rhein-Erft-Kreis,Nordrhein-Westfalen
168469,05362008,Bergheim,50129,Rhein-Erft-Kreis,Nordrhein-Westfalen
158457,05978004,Bergkamen,59192,Kreis Unna,Nordrhein-Westfalen
1958439,13072013,Bernitt,18246,Landkreis Rostock,Mecklenburg-Vorpommern
1958439,13072013,Bernitt,18249,Landkreis Rostock,Mecklenburg-Vorpommern
1307707,14625030,Bernsdorf,02994,Landkreis Bautzen,Sachsen
418663,14626030,Bernstadt auf dem Eigen,02748,Landkreis Görlitz,Sachsen
1389284,12061017,Bersteland,15910,Landkreis Dahme-Spreewald,Brandenburg
418121,14626050,Bertsdorf-Hörnitz,02763,Landkreis Görlitz,Sachsen
1352904,12061020,Bestensee,15741,Landkreis Dahme-Spreewald,Brandenburg
394328,13072014,Biendorf,18230,Landkreis Rostock,Mecklenburg-Vorpommern
1307621,14625040,Bischofswerda,01877,Landkreis Bautzen,Sachsen
1329611,15082015,Bitterfeld-Wolfen,06749,Landkreis Anhalt-Bitterfeld,Sachsen-Anhalt
1329611,15082015,Bitterfeld-Wolfen,06766,Landkreis Anhalt-Bitterfeld,Sachsen-Anhalt
1329611,15082015,Bitterfeld-Wolfen,06803,Landkreis Anhalt-Bitterfeld,Sachsen-Anhalt
1329611,15082015,Bitterfeld-Wolfen,06808,Landkreis Anhalt-Bitterfeld,Sachsen-Anhalt
393348,13072015,Blankenhagen,18182,Landkreis Rostock,Mecklenburg-Vorpommern
158156,05366008,Blankenheim,53945,Kreis Euskirchen,Nordrhein-Westfalen
2399205,15087070,Blankenheim,06528,Landkreis Mansfeld-Südharz,Sachsen-Anhalt
420478,14729040,Böhlen,04564,Landkreis Leipzig,Sachsen
158452,05978008,Bönen,59199,Kreis Unna,Nordrhein-Westfalen
395725,13072017,Börgerende-Rethwisch,18211,Landkreis Rostock,Mecklenburg-Vorpommern
420481,14729050,Borna,04552,Landkreis Leipzig,Sachsen
2409458,15087075,Bornstedt,06295,Landkreis Mansfeld-Südharz,Sachsen-Anhalt
422923,14729060,Borsdorf,04451,Landkreis Leipzig,Sachsen
169213,10044122,Bous,66359,Landkreis Saarlouis,Saarland
1310637,14626060,Boxberg/O.L. - Hamor,02943,Landkreis Görlitz,Sachsen
422924,14729070,Brandis,04821,Landkreis Leipzig,Sachsen
422924,14729070,Brandis,04824,Landkreis Leipzig,Sachsen
2406073,15088065,Braunsbedra,06242,Saalekreis,Sachsen-Anhalt
2406073,15088065,Braunsbedra,06259,Saalekreis,Sachsen-Anhalt
1322840,12071028,Briesen,03096,Landkreis Spree-Neiße,Brandenburg
394337,13072018,Bröbberow,18258,Landkreis Rostock,Mecklenburg-Vorpommern
2676469,13072019,Broderstorf,18184,Landkreis Rostock,Mecklenburg-Vorpommern
1322901,12066041,Bronkow,03205,Landkreis Oberspreewald-Lausitz,Brandenburg
2397423,15087101,Brücken-Hackpfüffel,06528,Landkreis Mansfeld-Südharz,Sachsen-Anhalt
168481,05362012,Brühl,50321,Rhein-Erft-Kreis,Nordrhein-Westfalen
1322838,12071032,Burg (Spreewald),03096,Landkreis Spree-Neiße,Brandenburg
1307624,14625060,Burkau - Porchow,01906,Landkreis Bautzen,Sachsen
1959687,13072020,Bützow,18246,Landkreis Rostock,Mecklenburg-Vorpommern
1388878,12061061,Byhleguhre-Byhlen,15913,Landkreis Dahme-Spreewald,Brandenburg
1322899,12066052,Calau,03205,Landkreis Oberspreewald-Lausitz,Brandenburg
393335,13072021,Cammin,18195,Landkreis Rostock,Mecklenburg-Vorpommern
394335,13072022,Carinerland,18233,Landkreis Rostock,Mecklenburg-Vorpommern
535242,14730050,Cavertitz,04758,Landkreis Nordsachsen,Sachsen
422336,14729080,Colditz,04680,Landkreis Leipzig,Sachsen
1303793,12062088,Crinitz,03246,Landkreis Elbe-Elster,Brandenburg
1307667,14625080,Crostwitz - Chrósćicy,01920,Landkreis Bautzen,Sachsen
1309661,14625090,Cunewalde,02733,Landkreis Bautzen,Sachsen
158155,05366012,Dahlem,53949,Kreis Euskirchen,Nordrhein-Westfalen
535251,14730060,Dahlen,04774,Landkreis Nordsachsen,Sachsen
1979183,13072023,Dahmen,17166,Landkreis Rostock,Mecklenburg-Vorpommern
1996946,13072024,Dalkendorf,17166,Landkreis Rostock,Mecklenburg-Vorpommern
1446664,03154004,Danndorf,38461,Landkreis Helmstedt,Niedersachsen
444742,14730070,Delitzsch,04509,Landkreis Nordsachsen,Sachsen
1307622,14625100,Demitz-Thumitz,01877,Landkreis Bautzen,Sachsen
1184561,10044111,Dillingen/Saar,66763,Landkreis Saarlouis,Saarland
1322842,12071041,Dissen-Striesow,03096,Landkreis Spree-Neiße,Brandenburg
1965797,13072026,Dobbin-Linstow,18292,Landkreis Rostock,Mecklenburg-Vorpommern
1322948,12062092,Doberlug-Kirchhain,03253,Landkreis Elbe-Elster,Brandenburg
1322603,12071044,Döbern,03159,Landkreis Spree-Neiße,Brandenburg
1309671,14625110,Doberschau-Gaußig - Dobruša-Huska,01877,Landkreis Bautzen,Sachsen
1309671,14625110,Doberschau-Gaußig - Dobruša-Huska,02633,Landkreis Bautzen,Sachsen
1309671,14625110,Doberschau-Gaußig - Dobruša-Huska,02692,Landkreis Bautzen,Sachsen
446698,14730080,Doberschütz,04838,Landkreis Nordsachsen,Sachsen
2778469,16077003,Dobitschen,04626,Landkreis Altenburger Land,Thüringen
1971864,13072027,Dolgen am See,18299,Landkreis Rostock,Mecklenburg-Vorpommern
446701,14730090,Dommitzsch,04880,Landkreis Nordsachsen,Sachsen
168449,05162004,Dormagen,41539,Rhein-Kreis Neuss,Nordrhein-Westfalen
168449,05162004,Dormagen,41540,Rhein-Kreis Neuss,Nordrhein-Westfalen
168449,05162004,Dormagen,41541,Rhein-Kreis Neuss,Nordrhein-Westfalen
168449,05162004,Dormagen,41542,Rhein-Kreis Neuss,Nordrhein-Westfalen
1322809,12071052,Drachhausen,03185,Landkreis Spree-Neiße,Brandenburg
1389403,12061097,Drahnsdorf,15938,Landkreis Dahme-Spreewald,Brandenburg
1322549,12071057,Drebkau,03116,Landkreis Spree-Neiße,Brandenburg
1963381,13072028,Dreetz,18249,Landkreis Rostock,Mecklenburg-Vorpommern
1322807,12071060,Drehnow,03185,Landkreis Spree-Neiße,Brandenburg
446702,14730100,Dreiheide,04860,Landkreis Nordsachsen,Sachsen
2404191,15084115,Droyßig,06722,Burgenlandkreis,Sachsen-Anhalt
394342,13072029,Dummerstorf,18196,Landkreis Rostock,Mecklenburg-Vorpommern
163046,05358008,Düren,52349,Kreis Düren,Nordrhein-Westfalen
163046,05358008,Düren,52351,Kreis Düren,Nordrhein-Westfalen
163046,05358008,Düren,52353,Kreis Düren,Nordrhein-Westfalen
163046,05358008,Düren,52355,Kreis Düren,Nordrhein-Westfalen
1311100,14626070,Dürrhennersdorf,02708,Landkreis Görlitz,Sachsen
1605089,14626085,Ebersbach-Neugersdorf,02727,Landkreis Görlitz,Sachsen
1605089,14626085,Ebersbach-Neugersdorf,02730,Landkreis Görlitz,Sachsen
2402487,15084125,Eckartsberga,06648,Burgenlandkreis,Sachsen-Anhalt
2397424,15087125,Edersleben,06528,Landkreis Mansfeld-Südharz,Sachsen-Anhalt
55773,12061112,Eichwalde,15732,Landkreis Dahme-Spreewald,Brandenburg
445965,14730110,Eilenburg,04838,Landkreis Nordsachsen,Sachsen
390655,13072030,Elmenhorst/Lichtenhagen,18107,Landkreis Rostock,Mecklenburg-Vorpommern
168468,05362016,Elsdorf,50189,Rhein-Erft-Kreis,Nordrhein-Westfalen
534445,14730120,Elsnig,04880,Landkreis Nordsachsen,Sachsen
2404585,15084130,Elsteraue,06729,Burgenlandkreis,Sachsen-Anhalt
1309584,14625120,Elsterheide - Halštrowska Hola,02979,Landkreis Bautzen,Sachsen
420241,14729100,Elstertrebnitz,04523,Landkreis Leipzig,Sachsen
1303791,12062124,Elsterwerda,04910,Landkreis Elbe-Elster,Brandenburg
1307660,14625130,Elstra - Halštrow,01920,Landkreis Bautzen,Sachsen
1184563,10044123,Ensdorf/Saar,66806,Landkreis Saarlouis,Saarland
168482,05362020,Erftstadt,50374,Rhein-Erft-Kreis,Nordrhein-Westfalen
67333,05370004,Erkelenz,41812,Kreis Heinsberg,Nordrhein-Westfalen
157995,05334012,Eschweiler,52249,Städteregion Aachen,Nordrhein-Westfalen
1403657,05366016,Euskirchen,53879,Kreis Euskirchen,Nordrhein-Westfalen
1403657,05366016,Euskirchen,53881,Kreis Euskirchen,Nordrhein-Westfalen
1303469,12062128,Falkenberg/Elster,04895,Landkreis Elbe-Elster,Brandenburg
2406525,15088100,Farnstädt,06279,Saalekreis,Sachsen-Anhalt
1322602,12071074,Felixsee,03130,Landkreis Spree-Neiße,Brandenburg
1303813,12062134,Fichtwald,04936,Landkreis Elbe-Elster,Brandenburg
2020633,13072031,Finkenthal,17179,Landkreis Rostock,Mecklenburg-Vorpommern
2402383,15084132,Finne,06647,Burgenlandkreis,Sachsen-Anhalt
2402403,15084133,Finneland,06647,Burgenlandkreis,Sachsen-Anhalt
1322947,12062140,Finsterwalde,03238,Landkreis Elbe-Elster,Brandenburg
2714341,16077005,Fockendorf,04617,Landkreis Altenburger Land,Thüringen
1322605,12071076,Forst (Lausitz) - Baršć,03149,Landkreis Spree-Neiße,Brandenburg
1307627,14625140,Frankenthal,01909,Landkreis Bautzen,Sachsen
1314279,12066064,Frauendorf,01945,Landkreis Oberspreewald-Lausitz,Brandenburg
168477,05362024,Frechen,50226,Rhein-Erft-Kreis,Nordrhein-Westfalen
1446659,03154005,Frellstedt,38373,Landkreis Helmstedt,Niedersachsen
2403718,15084135,Freyburg (Unstrut),06632,Burgenlandkreis,Sachsen-Anhalt
419191,10041511,Friedrichsthal,66299,Regionalverband Saarbrücken,Saarland
422238,14729140,Frohburg,04654,Landkreis Leipzig,Sachsen
158444,05978012,Fröndenberg/Ruhr,58730,Kreis Unna,Nordrhein-Westfalen
1310516,14626100,Gablenz - Jabłońc,02953,Landkreis Görlitz,Sachsen
158028,05370008,Gangelt,52538,Kreis Heinsberg,Nordrhein-Westfalen
157489,05370012,Geilenkirchen,52511,Kreis Heinsberg,Nordrhein-Westfalen
422239,14729150,Geithain,04643,Landkreis Leipzig,Sachsen
393346,13072032,Gelbensande,18182,Landkreis Rostock,Mecklenburg-Vorpommern
2408251,15087165,Gerbstedt,06347,Landkreis Mansfeld-Südharz,Sachsen-Anhalt
2714342,16077007,Gerstenberg,04617,Landkreis Altenburger Land,Thüringen
1446644,03154006,Gevensleben,38384,Landkreis Helmstedt,Niedersachsen
1976639,13072033,Glasewitz,18276,Landkreis Rostock,Mecklenburg-Vorpommern
2403719,15084150,Gleina,06632,Burgenlandkreis,Sachsen-Anhalt
393357,13072034,Gnewitz,18195,Landkreis Rostock,Mecklenburg-Vorpommern
2027763,13072035,Gnoien,17179,Landkreis Rostock,Mecklenburg-Vorpommern
1309677,14625150,Göda - Hodźij,02633,Landkreis Bautzen,Sachsen
2406473,15088025,Goethestadt Bad Lauchstädt,06246,Saalekreis,Sachsen-Anhalt
2778472,16077008,Göhren,04603,Landkreis Altenburger Land,Thüringen
2778473,16077009,Göllnitz,04626,Landkreis Altenburger Land,Thüringen
1389402,12061164,Golßen,15938,Landkreis Dahme-Spreewald,Brandenburg
2778474,16077011,Göpfersdorf,04618,Landkreis Altenburger Land,Thüringen
1322955,12062177,Gorden-Staupitz,03238,Landkreis Elbe-Elster,Brandenburg
409676,14626110,Görlitz,02826,Landkreis Görlitz,Sachsen
409676,14626110,Görlitz,02827,Landkreis Görlitz,Sachsen
409676,14626110,Görlitz,02828,Landkreis Görlitz,Sachsen
2403779,15084170,Goseck,06667,Burgenlandkreis,Sachsen-Anhalt
2449570,16077012,Gößnitz,04639,Landkreis Altenburger Land,Thüringen
393349,13072036,Graal-Müritz,18181,Landkreis Rostock,Mecklenburg-Vorpommern
1446636,03154007,Grafhorst,38462,Landkreis Helmstedt,Niedersachsen
393338,13072037,Grammow,18195,Landkreis Rostock,Mecklenburg-Vorpommern
1446640,03154008,Grasleben,38368,Landkreis Helmstedt,Niedersachsen
168489,05162008,Grevenbroich,41515,Rhein-Kreis Neuss,Nordrhein-Westfalen
168489,05162008,Grevenbroich,41516,Rhein-Kreis Neuss,Nordrhein-Westfalen
168489,05162008,Grevenbroich,41517,Rhein-Kreis Neuss,Nordrhein-Westfalen
422342,14729160,Grimma,04668,Landkreis Leipzig,Sachsen
1303788,12062196,Gröden,04932,Landkreis Elbe-Elster,Brandenburg
420242,14729170,Groitzsch,04539,Landkreis Leipzig,Sachsen
1310452,14626120,Groß Düben - Dźěwin,02953,Landkreis Görlitz,Sachsen
1310452,14626120,Groß Düben - Dźěwin,02959,Landkreis Görlitz,Sachsen
1309634,14625160,Großdubrau - Wulka Dubrawa,02694,Landkreis Bautzen,Sachsen
1307623,14625170,Großharthau,01909,Landkreis Bautzen,Sachsen
1314223,12066104,Großkmehlen,01990,Landkreis Oberspreewald-Lausitz,Brandenburg
1389638,12061192,Groß Köris,15746,Landkreis Dahme-Spreewald,Brandenburg
1307643,14625180,Großnaundorf,01936,Landkreis Bautzen,Sachsen
283733,14729190,Großpösna,04463,Landkreis Leipzig,Sachsen
1309675,14625190,Großpostwitz/O.L. - Budestecy,02692,Landkreis Bautzen,Sachsen
1314217,12066112,Großräschen,01983,Landkreis Oberspreewald-Lausitz,Brandenburg
1996947,13072038,Groß Roge,17166,Landkreis Rostock,Mecklenburg-Vorpommern
2321798,14625200,Großröhrsdorf,01900,Landkreis Bautzen,Sachsen
1184874,10041512,Großrosseln,66352,Regionalverband Saarbrücken,Saarland
1322607,12071153,Groß Schacksdorf-Simmersdorf,03149,Landkreis Spree-Neiße,Brandenburg
418124,14626140,Großschönau,02779,Landkreis Görlitz,Sachsen
418124,14626140,Großschönau,02799,Landkreis Görlitz,Sachsen
422761,14626150,Großschweidnitz,02708,Landkreis Görlitz,Sachsen
1964340,13072039,Groß Schwiesow,18276,Landkreis Rostock,Mecklenburg-Vorpommern
1303790,12062208,Großthiemig,04932,Landkreis Elbe-Elster,Brandenburg
1446662,03154009,Groß Twülpstedt,38464,Landkreis Helmstedt,Niedersachsen
1979184,13072040,Groß Wokern,17166,Landkreis Rostock,Mecklenburg-Vorpommern
2029538,13072041,Groß Wüstenfelde,17168,Landkreis Rostock,Mecklenburg-Vorpommern
1314281,12066116,Grünewald,01945,Landkreis Oberspreewald-Lausitz,Brandenburg
1351322,12071160,Guben,03172,Landkreis Spree-Neiße,Brandenburg
1322839,12071164,Guhrow,03096,Landkreis Spree-Neiße,Brandenburg
1959688,13072042,Gülzow-Prüzen,18276,Landkreis Rostock,Mecklenburg-Vorpommern
1971863,13072043,Güstrow,18273,Landkreis Rostock,Mecklenburg-Vorpommern
1314282,12066120,Guteborn,01945,Landkreis Oberspreewald-Lausitz,Brandenburg
2404546,15084207,Gutenborn,06712,Burgenlandkreis,Sachsen-Anhalt
1964776,13072044,Gutow,18276,Landkreis Rostock,Mecklenburg-Vorpommern
1311141,14626160,Hähnichen,02923,Landkreis Görlitz,Sachsen
418126,14626170,Hainewalde,02779,Landkreis Görlitz,Sachsen
1389621,12061216,Halbe,15757,Landkreis Dahme-Spreewald,Brandenburg
2714343,16077015,Haselbach,04617,Landkreis Altenburger Land,Thüringen
1307649,14625220,Haselbachtal,01920,Landkreis Bautzen,Sachsen
1389444,12061219,Heideblick,15926,Landkreis Dahme-Spreewald,Brandenburg
1322951,12062219,Heideland,03238,Landkreis Elbe-Elster,Brandenburg
1352905,12061217,Heidesee,15754,Landkreis Dahme-Spreewald,Brandenburg
162469,05358012,Heimbach,52396,Kreis Düren,Nordrhein-Westfalen
1322805,12071176,Heinersbrück,03185,Landkreis Spree-Neiße,Brandenburg
158026,05370016,Heinsberg,52525,Kreis Heinsberg,Nordrhein-Westfalen
2409459,15087205,Helbra,06311,Landkreis Mansfeld-Südharz,Sachsen-Anhalt
158157,05366020,Hellenthal,53940,Kreis Euskirchen,Nordrhein-Westfalen
1446649,03154028,Helmstedt,38350,Landkreis Helmstedt,Niedersachsen
1446649,03154028,Helmstedt,38372,Landkreis Helmstedt,Niedersachsen
2409460,15087210,Hergisdorf,06313,Landkreis Mansfeld-Südharz,Sachsen-Anhalt
1314278,12066124,Hermsdorf,01945,Landkreis Oberspreewald-Lausitz,Brandenburg
418716,14626180,Herrnhut,02747,Landkreis Görlitz,Sachsen
1303473,12062224,Herzberg (Elster),04916,Landkreis Elbe-Elster,Brandenburg
157992,05334016,Herzogenrath,52134,Städteregion Aachen,Nordrhein-Westfalen
2408511,15087220,Hettstedt,06333,Landkreis Mansfeld-Südharz,Sachsen-Anhalt
2778475,16077016,Heukewalde,04626,Landkreis Altenburger Land,Thüringen
1184871,10041513,Heusweiler,66265,Regionalverband Saarbrücken,Saarland
2778476,16077017,Heyersdorf,04626,Landkreis Altenburger Land,Thüringen
1303794,12062232,Hirschfeld,04932,Landkreis Elbe-Elster,Brandenburg
1309660,14625230,Hochkirch - Bukecy,02627,Landkreis Bautzen,Sachsen
1314274,12066132,Hohenbocka,01945,Landkreis Oberspreewald-Lausitz,Brandenburg
1303816,12062237,Hohenbucko,04936,Landkreis Elbe-Elster,Brandenburg
1979185,13072045,Hohen Demzin,17166,Landkreis Rostock,Mecklenburg-Vorpommern
1310797,14626190,Hohendubrau - Wysoka Dubrawa,02906,Landkreis Görlitz,Sachsen
394347,13072047,Hohenfelde,18209,Landkreis Rostock,Mecklenburg-Vorpommern
394347,13072047,Hohenfelde,18211,Landkreis Rostock,Mecklenburg-Vorpommern
1303789,12062240,Hohenleipisch,04934,Landkreis Elbe-Elster,Brandenburg
2405131,15084235,Hohenmölsen,06679,Burgenlandkreis,Sachsen-Anhalt
1964341,13072046,Hohen Sprenz,18299,Landkreis Rostock,Mecklenburg-Vorpommern
158415,05978016,Holzwickede,59439,Kreis Unna,Nordrhein-Westfalen
1965798,13072048,Hoppenrade,18292,Landkreis Rostock,Mecklenburg-Vorpommern
1316261,14626200,Horka,02923,Landkreis Görlitz,Sachsen
409630,14625240,Hoyerswerda - Wojerecy,02977,Landkreis Bautzen,Sachsen
158005,05370020,Hückelhoven,41836,Kreis Heinsberg,Nordrhein-Westfalen
163315,05358016,Hürtgenwald,52393,Kreis Düren,Nordrhein-Westfalen
162473,05362028,Hürth,50354,Rhein-Erft-Kreis,Nordrhein-Westfalen
162463,05358020,Inden,52459,Kreis Düren,Nordrhein-Westfalen
1388734,12061224,Jamlitz,15868,Landkreis Dahme-Spreewald,Brandenburg
1322604,12071189,Jämlitz-Klein Düben,03130,Landkreis Spree-Neiße,Brandenburg
1322810,12071193,Jänschwalde,03172,Landkreis Spree-Neiße,Brandenburg
1322810,12071193,Jänschwalde,03197,Landkreis Spree-Neiße,Brandenburg
1446656,03154012,Jerxheim,38381,Landkreis Helmstedt,Niedersachsen
445964,14730140,Jesewitz,04838,Landkreis Nordsachsen,Sachsen
2778477,16077018,Jonaswalde,04626,Landkreis Altenburger Land,Thüringen
418118,14626210,Jonsdorf,02796,Landkreis Görlitz,Sachsen
2020634,13072049,Jördenstorf,17168,Landkreis Rostock,Mecklenburg-Vorpommern
168486,05162012,Jüchen,41363,Rhein-Kreis Neuss,Nordrhein-Westfalen
158408,05358024,Jülich,52428,Kreis Düren,Nordrhein-Westfalen
1958440,13072050,Jürgenshagen,18246,Landkreis Rostock,Mecklenburg-Vorpommern
168485,05162016,Kaarst,41564,Rhein-Kreis Neuss,Nordrhein-Westfalen
2406436,15088150,Kabelsketal,06184,Saalekreis,Sachsen-Anhalt
2354399,15084246,Kaiserpfalz,06642,Burgenlandkreis,Sachsen-Anhalt
158158,05366024,Kall,53925,Kreis Euskirchen,Nordrhein-Westfalen
158453,05978020,Kamen,59174,Kreis Unna,Nordrhein-Westfalen
1307664,14625250,Kamenz - Kamjenc,01917,Landkreis Bautzen,Sachsen
2396084,15084250,Karsdorf,06638,Burgenlandkreis,Sachsen-Anhalt
1389404,12061244,Kasel-Golzig,15938,Landkreis Dahme-Spreewald,Brandenburg
1963817,13072051,Kassow,18258,Landkreis Rostock,Mecklenburg-Vorpommern
2397448,15087250,Kelbra (Kyffhäuser),06537,Landkreis Mansfeld-Südharz,Sachsen-Anhalt
168483,05362032,Kerpen,50169,Rhein-Erft-Kreis,Nordrhein-Westfalen
168483,05362032,Kerpen,50170,Rhein-Erft-Kreis,Nordrhein-Westfalen
168483,05362032,Kerpen,50171,Rhein-Erft-Kreis,Nordrhein-Westfalen
420482,14729220,Kitzscher,04567,Landkreis Leipzig,Sachsen
1958441,13072053,Klein Belitz,18246,Landkreis Rostock,Mecklenburg-Vorpommern
454540,10041514,Kleinblittersdorf,66271,Regionalverband Saarbrücken,Saarland
1964777,13072055,Klein Upahl,18276,Landkreis Rostock,Mecklenburg-Vorpommern
2409461,15087260,Klostermansfeld,06308,Landkreis Mansfeld-Südharz,Sachsen-Anhalt
1311140,14626230,Kodersdorf,02923,Landkreis Görlitz,Sachsen
1322843,12071244,Kolkwitz,03099,Landkreis Spree-Neiße,Brandenburg
913783,14625270,Königsbrück,01936,Landkreis Bautzen,Sachsen
1311108,14626240,Königshain,02829,Landkreis Görlitz,Sachsen
1446661,03154013,Königslutter am Elm,38154,Landkreis Helmstedt,Niedersachsen
1307708,14625280,Königswartha - Rakecy,02699,Landkreis Bautzen,Sachsen
55777,12061260,Königs Wusterhausen,15711,Landkreis Dahme-Spreewald,Brandenburg
55777,12061260,Königs Wusterhausen,15712,Landkreis Dahme-Spreewald,Brandenburg
55777,12061260,Königs Wusterhausen,15713,Landkreis Dahme-Spreewald,Brandenburg
168487,05162020,Korschenbroich,41352,Rhein-Kreis Neuss,Nordrhein-Westfalen
2090553,15082180,Köthen (Anhalt),06366,Landkreis Anhalt-Bitterfeld,Sachsen-Anhalt
2090553,15082180,Köthen (Anhalt),06369,Landkreis Anhalt-Bitterfeld,Sachsen-Anhalt
2090553,15082180,Köthen (Anhalt),06388,Landkreis Anhalt-Bitterfeld,Sachsen-Anhalt
2754880,14626245,Kottmar,02708,Landkreis Görlitz,Sachsen
2754880,14626245,Kottmar,02739,Landkreis Görlitz,Sachsen
1964778,13072056,Krakow am See,18292,Landkreis Rostock,Mecklenburg-Vorpommern
1311127,14626250,Krauschwitz - Krušwica,02957,Landkreis Görlitz,Sachsen
1389279,12061265,Krausnick-Groß Wasserburg,15910,Landkreis Dahme-Spreewald,Brandenburg
1311119,14626260,Kreba-Neudorf - Chrjebja-Nowa Wjes,02906,Landkreis Görlitz,Sachsen
1303471,12062282,Kremitzaue,04916,Landkreis Elbe-Elster,Brandenburg
1303471,12062282,Kremitzaue,04936,Landkreis Elbe-Elster,Brandenburg
2404547,15084275,Kretzschau,06712,Burgenlandkreis,Sachsen-Anhalt
163314,05358028,Kreuzau,52372,Kreis Düren,Nordrhein-Westfalen
2778479,16077022,Kriebitzsch,04617,Landkreis Altenburger Land,Thüringen
394344,13072057,Kritzmow,18198,Landkreis Rostock,Mecklenburg-Vorpommern
394329,13072058,Kröpelin,18236,Landkreis Rostock,Mecklenburg-Vorpommern
1314283,12066168,Kroppen,01945,Landkreis Oberspreewald-Lausitz,Brandenburg
445990,14730150,Krostitz,04509,Landkreis Nordsachsen,Sachsen
1309658,14625290,Kubschütz - Kubšicy,02627,Landkreis Bautzen,Sachsen
1965799,13072059,Kuchelmiß,18292,Landkreis Rostock,Mecklenburg-Vorpommern
394350,13072060,Kühlungsborn,18225,Landkreis Rostock,Mecklenburg-Vorpommern
1976640,13072061,Kuhs,18276,Landkreis Rostock,Mecklenburg-Vorpommern
9682019,13072062,Laage,18299,Landkreis Rostock,Mecklenburg-Vorpommern
1976641,13072063,Lalendorf,18279,Landkreis Rostock,Mecklenburg-Vorpommern
394345,13072064,Lambrechtshagen,18069,Landkreis Rostock,Mecklenburg-Vorpommern
2407132,15088195,Landsberg,06188,Saalekreis,Sachsen-Anhalt
2778480,16077023,Langenleuba-Niederhain,04618,Landkreis Altenburger Land,Thüringen
162550,05358032,Langerwehe,52379,Kreis Düren,Nordrhein-Westfalen
2402524,15084282,Lanitz-Hassel-Tal,06628,Burgenlandkreis,Sachsen-Anhalt
2402461,15084285,Laucha an der Unstrut,06636,Burgenlandkreis,Sachsen-Anhalt
1314225,12066176,Lauchhammer,01979,Landkreis Oberspreewald-Lausitz,Brandenburg
446697,14730160,Laußig,04838,Landkreis Nordsachsen,Sachsen
446697,14730160,Laußig,04849,Landkreis Nordsachsen,Sachsen
913785,14625300,Laußnitz,01936,Landkreis Bautzen,Sachsen
1309583,14625310,Lauta,02991,Landkreis Bautzen,Sachsen
1311097,14626270,Lawalde,02708,Landkreis Görlitz,Sachsen
1184559,10044112,Lebach,66822,Landkreis Saarlouis,Saarland
1303814,12062289,Lebusa,04936,Landkreis Elbe-Elster,Brandenburg
1446638,03154014,Lehre,38165,Landkreis Helmstedt,Niedersachsen
2020635,13072066,Lelkendorf,17168,Landkreis Rostock,Mecklenburg-Vorpommern
2405941,15088205,Leuna,06237,Saalekreis,Sachsen-Anhalt
418710,14626280,Leutersdorf,02794,Landkreis Görlitz,Sachsen
1307640,14625320,Lichtenberg,01896,Landkreis Bautzen,Sachsen
1322949,12062293,Lichterfeld-Schacksdorf,03238,Landkreis Elbe-Elster,Brandenburg
1388733,12061308,Lieberose,15868,Landkreis Dahme-Spreewald,Brandenburg
535250,14730170,Liebschützberg,04758,Landkreis Nordsachsen,Sachsen
1314220,12066188,Lindenau,01945,Landkreis Oberspreewald-Lausitz,Brandenburg
158394,05358036,Linnich,52441,Kreis Düren,Nordrhein-Westfalen
418120,14626290,Löbau,02708,Landkreis Görlitz,Sachsen
2778482,16077026,Löbichau,04626,Landkreis Altenburger Land,Thüringen
445992,14730180,Löbnitz,04509,Landkreis Nordsachsen,Sachsen
2778483,16077027,Lödla,04617,Landkreis Altenburger Land,Thüringen
1964779,13072067,Lohmen,18276,Landkreis Rostock,Mecklenburg-Vorpommern
1309581,14625330,Lohsa - Łaz,02999,Landkreis Bautzen,Sachsen
422918,14729245,Lossatal,04808,Landkreis Leipzig,Sachsen
1322898,12066196,Lübbenau/Spreewald,03222,Landkreis Oberspreewald-Lausitz,Brandenburg
1389285,12061316,Lübben (Spreewald),15907,Landkreis Dahme-Spreewald,Brandenburg
1263711,16077028,Lucka,04613,Landkreis Altenburger Land,Thüringen
1322897,12066202,Luckaitztal,03229,Landkreis Oberspreewald-Lausitz,Brandenburg
1389443,12061320,Luckau,15926,Landkreis Dahme-Spreewald,Brandenburg
158454,05978024,Lünen,44532,Kreis Unna,Nordrhein-Westfalen
158454,05978024,Lünen,44534,Kreis Unna,Nordrhein-Westfalen
158454,05978024,Lünen,44536,Kreis Unna,Nordrhein-Westfalen
1964350,13072069,Lüssow,18276,Landkreis Rostock,Mecklenburg-Vorpommern
2409291,15087130,Lutherstadt Eisleben,06295,Landkreis Mansfeld-Südharz,Sachsen-Anhalt
2405267,15084315,Lützen,06686,Burgenlandkreis,Sachsen-Anhalt
422922,14729250,Machern,04827,Landkreis Leipzig,Sachsen
2678596,14625340,Malschwitz - Malešecy,02694,Landkreis Bautzen,Sachsen
2409462,15087275,Mansfeld,06343,Landkreis Mansfeld-Südharz,Sachsen-Anhalt
1446633,03154015,Mariental,38368,Landkreis Helmstedt,Niedersachsen
1311107,14626300,Markersdorf,02829,Landkreis Görlitz,Sachsen
1389676,12061328,Märkisch Buchholz,15748,Landkreis Dahme-Spreewald,Brandenburg
1389281,12061329,Märkische Heide,15913,Landkreis Dahme-Spreewald,Brandenburg
93399,14729260,Markkleeberg,04416,Landkreis Leipzig,Sachsen
420238,14729270,Markranstädt,04420,Landkreis Leipzig,Sachsen
1322945,12062333,Massen-Niederlausitz,03238,Landkreis Elbe-Elster,Brandenburg
1322945,12062333,Massen-Niederlausitz,03246,Landkreis Elbe-Elster,Brandenburg
158142,05366028,Mechernich,53894,Kreis Euskirchen,Nordrhein-Westfalen
161503,05162022,Meerbusch,40667,Rhein-Kreis Neuss,Nordrhein-Westfalen
161503,05162022,Meerbusch,40668,Rhein-Kreis Neuss,Nordrhein-Westfalen
161503,05162022,Meerbusch,40670,Rhein-Kreis Neuss,Nordrhein-Westfalen
2778484,16077031,Mehna,04626,Landkreis Altenburger Land,Thüringen
2404162,15084013,Meineweh,06721,Burgenlandkreis,Sachsen-Anhalt
2406260,15088220,Merseburg,06217,Saalekreis,Sachsen-Anhalt
2404010,15084335,Mertendorf,06618,Burgenlandkreis,Sachsen-Anhalt
1303795,12062336,Merzdorf,04932,Landkreis Elbe-Elster,Brandenburg
163310,05358040,Merzenich,52399,Kreis Düren,Nordrhein-Westfalen
1263715,16077032,Meuselwitz,04610,Landkreis Altenburger Land,Thüringen
1964351,13072071,Mistorf,18276,Landkreis Rostock,Mecklenburg-Vorpommern
418127,14626310,Mittelherwigsdorf,02763,Landkreis Görlitz,Sachsen
55771,12061332,Mittenwalde,15749,Landkreis Dahme-Spreewald,Brandenburg
446699,14730190,Mockrehna,04862,Landkreis Nordsachsen,Sachsen
2404040,15084341,Molauer Land,06618,Burgenlandkreis,Sachsen-Anhalt
393340,13072072,Mönchhagen,18182,Landkreis Rostock,Mecklenburg-Vorpommern
158020,05334020,Monschau,52156,Städteregion Aachen,Nordrhein-Westfalen
2778485,16077034,Monstab,04617,Landkreis Altenburger Land,Thüringen
2406074,15088235,Mücheln (Geiseltal),06249,Saalekreis,Sachsen-Anhalt
2406074,15088235,Mücheln (Geiseltal),06255,Saalekreis,Sachsen-Anhalt
2406074,15088235,Mücheln (Geiseltal),06268,Saalekreis,Sachsen-Anhalt
2406074,15088235,Mücheln (Geiseltal),06632,Saalekreis,Sachsen-Anhalt
1316259,14626320,Mücka - Mikow,02906,Landkreis Görlitz,Sachsen
535249,14730200,Mügeln,04769,Landkreis Nordsachsen,Sachsen
1303470,12062341,Mühlberg/Elbe,04895,Landkreis Elbe-Elster,Brandenburg
1303470,12062341,Mühlberg/Elbe,04931,Landkreis Elbe-Elster,Brandenburg
1965800,13072073,Mühl Rosin,18276,Landkreis Rostock,Mecklenburg-Vorpommern
1329610,15082241,Muldestausee,06774,Landkreis Anhalt-Bitterfeld,Sachsen-Anhalt
1389675,12061344,Münchehofe,15748,Landkreis Dahme-Spreewald,Brandenburg
1184568,10044113,Nalbach,66809,Landkreis Saarlouis,Saarland
2403974,15084355,Naumburg (Saale),06618,Burgenlandkreis,Sachsen-Anhalt
2403974,15084355,Naumburg (Saale),06628,Burgenlandkreis,Sachsen-Anhalt
535246,14730210,Naundorf,04769,Landkreis Nordsachsen,Sachsen
422341,14729300,Naunhof,04683,Landkreis Leipzig,Sachsen
1307668,14625350,Nebelschütz - Njebjelčicy,01920,Landkreis Bautzen,Sachsen
2395647,15084360,Nebra (Unstrut),06642,Burgenlandkreis,Sachsen-Anhalt
1311136,14626330,Neißeaue,02829,Landkreis Görlitz,Sachsen
1322606,12071294,Neiße-Malxetal,03159,Landkreis Spree-Neiße,Brandenburg
2396221,15088250,Nemsdorf-Göhrendorf,06268,Saalekreis,Sachsen-Anhalt
1307710,14625360,Neschwitz - Njeswačidło,02699,Landkreis Bautzen,Sachsen
158159,05366032,Nettersheim,53947,Kreis Euskirchen,Nordrhein-Westfalen
394352,13072074,Neubukow,18233,Landkreis Rostock,Mecklenburg-Vorpommern
1322563,12071301,Neuhausen/Spree,03058,Landkreis Spree-Neiße,Brandenburg
420480,14729320,Neukieritzsch,04575,Landkreis Leipzig,Sachsen
1307662,14625370,Neukirch,01936,Landkreis Bautzen,Sachsen
1307620,14625380,Neukirch/Lausitz,01904,Landkreis Bautzen,Sachsen
1314218,12066228,Neupetershain,03103,Landkreis Oberspreewald-Lausitz,Brandenburg
1310910,14626350,Neusalza-Spremberg,02742,Landkreis Görlitz,Sachsen
1314224,12066226,Neu-Seeland,03103,Landkreis Oberspreewald-Lausitz,Brandenburg
163307,05162024,Neuss,41460,Rhein-Kreis Neuss,Nordrhein-Westfalen
163307,05162024,Neuss,41462,Rhein-Kreis Neuss,Nordrhein-Westfalen
163307,05162024,Neuss,41464,Rhein-Kreis Neuss,Nordrhein-Westfalen
163307,05162024,Neuss,41466,Rhein-Kreis Neuss,Nordrhein-Westfalen
163307,05162024,Neuss,41468,Rhein-Kreis Neuss,Nordrhein-Westfalen
163307,05162024,Neuss,41469,Rhein-Kreis Neuss,Nordrhein-Westfalen
163307,05162024,Neuss,41470,Rhein-Kreis Neuss,Nordrhein-Westfalen
163307,05162024,Neuss,41472,Rhein-Kreis Neuss,Nordrhein-Westfalen
1388875,12061352,Neu Zauche,15913,Landkreis Dahme-Spreewald,Brandenburg
163312,05358044,Nideggen,52385,Kreis Düren,Nordrhein-Westfalen
163305,05358048,Niederzier,52382,Kreis Düren,Nordrhein-Westfalen
390656,13072075,Nienhagen,18211,Landkreis Rostock,Mecklenburg-Vorpommern
1311142,14626370,Niesky,02906,Landkreis Görlitz,Sachsen
2673575,16077036,Nobitz,04603,Landkreis Altenburger Land,Thüringen
163311,05358052,Nörvenich,52388,Kreis Düren,Nordrhein-Westfalen
393337,13072076,Nustrow,18195,Landkreis Rostock,Mecklenburg-Vorpommern
1309669,14625390,Obergurig - Hornja Hórka,02692,Landkreis Bautzen,Sachsen
2396187,15088265,Obhausen,06268,Saalekreis,Sachsen-Anhalt
418711,14626390,Oderwitz,02791,Landkreis Görlitz,Sachsen
1307648,14625410,Ohorn,01896,Landkreis Bautzen,Sachsen
1311099,14626400,Olbersdorf,02785,Landkreis Görlitz,Sachsen
1310861,14626410,Oppach,02736,Landkreis Görlitz,Sachsen
1314221,12066240,Ortrand,01990,Landkreis Oberspreewald-Lausitz,Brandenburg
535244,14730230,Oschatz,04758,Landkreis Nordsachsen,Sachsen
1307711,14625420,Oßling - Wóslink,01920,Landkreis Bautzen,Sachsen
2404086,15084375,Osterfeld,06721,Burgenlandkreis,Sachsen-Anhalt
1329406,15082256,Osternienburger Land,06386,Landkreis Anhalt-Bitterfeld,Sachsen-Anhalt
418648,14626420,Ostritz,02899,Landkreis Görlitz,Sachsen
913784,14625430,Ottendorf-Okrilla,01458,Landkreis Bautzen,Sachsen
422339,14729330,Otterwisch,04668,Landkreis Leipzig,Sachsen
418115,14626430,Oybin,02797,Landkreis Görlitz,Sachsen
1307659,14625440,Panschwitz-Kuckau - Pančicy-Kukow,01920,Landkreis Bautzen,Sachsen
394343,13072077,Papendorf,18059,Landkreis Rostock,Mecklenburg-Vorpommern
422340,14729340,Parthenstein,04668,Landkreis Leipzig,Sachsen
420240,14729350,Pegau,04523,Landkreis Leipzig,Sachsen
1322803,12071304,Peitz,03185,Landkreis Spree-Neiße,Brandenburg
1959689,13072078,Penzin,18249,Landkreis Rostock,Mecklenburg-Vorpommern
2407133,15088295,Petersberg,06193,Saalekreis,Sachsen-Anhalt
1991135,13072079,Plaaz,18276,Landkreis Rostock,Mecklenburg-Vorpommern
1303787,12062372,Plessa,04928,Landkreis Elbe-Elster,Brandenburg
394322,13072080,Pölchow,18059,Landkreis Rostock,Mecklenburg-Vorpommern
2449512,16077039,Ponitz,04639,Landkreis Altenburger Land,Thüringen
393355,13072081,Poppendorf,18184,Landkreis Rostock,Mecklenburg-Vorpommern
2778487,16077041,Posterstein,04626,Landkreis Altenburger Land,Thüringen
2029539,13072082,Prebberede,17168,Landkreis Rostock,Mecklenburg-Vorpommern
168464,05362036,Pulheim,50259,Rhein-Erft-Kreis,Nordrhein-Westfalen
2321817,14625450,Pulsnitz,01896,Landkreis Bautzen,Sachsen
1307709,14625460,Puschwitz - Bóšicy,02699,Landkreis Bautzen,Sachsen
1184883,10041515,Püttlingen,66346,Regionalverband Saarbrücken,Saarland
1446641,03154016,Querenhorst,38368,Landkreis Helmstedt,Niedersachsen
2396173,15088305,Querfurt,06268,Saalekreis,Sachsen-Anhalt
1184867,10041516,Quierschied,66287,Regionalverband Saarbrücken,Saarland
1311143,14626440,Quitzdorf am See - Kwětanecy,02906,Landkreis Görlitz,Sachsen
1446646,03154017,Räbke,38375,Landkreis Helmstedt,Niedersachsen
1307665,14625470,Räckelwitz - Worklecy,01920,Landkreis Bautzen,Sachsen
444743,14730250,Rackwitz,04519,Landkreis Nordsachsen,Sachsen
1307202,14625480,Radeberg,01454,Landkreis Bautzen,Sachsen
1309632,14625490,Radibor - Radwor,02627,Landkreis Bautzen,Sachsen
1329609,15082301,Raguhn-Jeßnitz,06779,Landkreis Anhalt-Bitterfeld,Sachsen-Anhalt
1329609,15082301,Raguhn-Jeßnitz,06800,Landkreis Anhalt-Bitterfeld,Sachsen-Anhalt
1307706,14625500,Ralbitz-Rosenthal - Ralbicy-Róžant,01920,Landkreis Bautzen,Sachsen
1307628,14625510,Rammenau,01877,Landkreis Bautzen,Sachsen
394327,13072083,Reddelich,18209,Landkreis Rostock,Mecklenburg-Vorpommern
420243,14729360,Regis-Breitingen,04565,Landkreis Leipzig,Sachsen
1184571,10044114,Rehlingen-Siersburg,66780,Landkreis Saarlouis,Saarland
1311106,14626450,Reichenbach/Oberlausitz,02894,Landkreis Görlitz,Sachsen
1964781,13072084,Reimershagen,18276,Landkreis Rostock,Mecklenburg-Vorpommern
1446639,03154018,Rennau,38368,Landkreis Helmstedt,Niedersachsen
394331,13072085,Rerik,18230,Landkreis Rostock,Mecklenburg-Vorpommern
394324,13072086,Retschow,18211,Landkreis Rostock,Mecklenburg-Vorpommern
1184882,10041517,Riegelsberg,66292,Regionalverband Saarbrücken,Saarland
1311129,14626460,Rietschen - Rěčicy,02956,Landkreis Görlitz,Sachsen
1389286,12061405,Rietzneuendorf-Staakow,15910,Landkreis Dahme-Spreewald,Brandenburg
1303773,12062410,Röderland,04932,Landkreis Elbe-Elster,Brandenburg
158018,05334024,Roetgen,52159,Städteregion Aachen,Nordrhein-Westfalen
393353,13072087,Roggentin,18184,Landkreis Rostock,Mecklenburg-Vorpommern
168488,05162028,Rommerskirchen,41569,Rhein-Kreis Neuss,Nordrhein-Westfalen
1311103,14626470,Rosenbach,02708,Landkreis Görlitz,Sachsen
2778488,16077042,Rositz,04617,Landkreis Altenburger Land,Thüringen
420479,14729370,Rötha,04571,Landkreis Leipzig,Sachsen
1311137,14626480,Rothenburg/Oberlausitz,02929,Landkreis Görlitz,Sachsen
393345,13072088,Rövershagen,18182,Landkreis Rostock,Mecklenburg-Vorpommern
1322952,12062417,Rückersdorf,03238,Landkreis Elbe-Elster,Brandenburg
1314277,12066272,Ruhland,01945,Landkreis Oberspreewald-Lausitz,Brandenburg
1963382,13072089,Rühn,18246,Landkreis Rostock,Mecklenburg-Vorpommern
1964352,13072090,Rukieten,18258,Landkreis Rostock,Mecklenburg-Vorpommern
1187159,10041100,Saarbrücken,66111,Regionalverband Saarbrücken,Saarland
1187159,10041100,Saarbrücken,66113,Regionalverband Saarbrücken,Saarland
1187159,10041100,Saarbrücken,66115,Regionalverband Saarbrücken,Saarland
1187159,10041100,Saarbrücken,66117,Regionalverband Saarbrücken,Saarland
1187159,10041100,Saarbrücken,66119,Regionalverband Saarbrücken,Saarland
1187159,10041100,Saarbrücken,66121,Regionalverband Saarbrücken,Saarland
1187159,10041100,Saarbrücken,66123,Regionalverband Saarbrücken,Saarland
1187159,10041100,Saarbrücken,66125,Regionalverband Saarbrücken,Saarland
1187159,10041100,Saarbrücken,66126,Regionalverband Saarbrücken,Saarland
1187159,10041100,Saarbrücken,66127,Regionalverband Saarbrücken,Saarland
1187159,10041100,Saarbrücken,66128,Regionalverband Saarbrücken,Saarland
1187159,10041100,Saarbrücken,66129,Regionalverband Saarbrücken,Saarland
1187159,10041100,Saarbrücken,66130,Regionalverband Saarbrücken,Saarland
1187159,10041100,Saarbrücken,66131,Regionalverband Saarbrücken,Saarland
1187159,10041100,Saarbrücken,66132,Regionalverband Saarbrücken,Saarland
1187159,10041100,Saarbrücken,66133,Regionalverband Saarbrücken,Saarland
1184570,10044115,Saarlouis,66740,Landkreis Saarlouis,Saarland
1184566,10044116,Saarwellingen,66793,Landkreis Saarlouis,Saarland
1322950,12062425,Sallgast,03238,Landkreis Elbe-Elster,Brandenburg
2406726,15088319,Salzatal,06198,Saalekreis,Sachsen-Anhalt
1329612,15082340,Sandersdorf-Brehna,06792,Landkreis Anhalt-Bitterfeld,Sachsen-Anhalt
1329612,15082340,Sandersdorf-Brehna,06794,Landkreis Anhalt-Bitterfeld,Sachsen-Anhalt
1329612,15082340,Sandersdorf-Brehna,06796,Landkreis Anhalt-Bitterfeld,Sachsen-Anhalt
1329612,15082340,Sandersdorf-Brehna,06809,Landkreis Anhalt-Bitterfeld,Sachsen-Anhalt
2399162,15087370,Sangerhausen,06526,Landkreis Mansfeld-Südharz,Sachsen-Anhalt
393356,13072091,Sanitz,18190,Landkreis Rostock,Mecklenburg-Vorpommern
1971866,13072092,Sarmstorf,18276,Landkreis Rostock,Mecklenburg-Vorpommern
394334,13072093,Satow,18239,Landkreis Rostock,Mecklenburg-Vorpommern
1351323,12071337,Schenkendöbern,03172,Landkreis Spree-Neiße,Brandenburg
1322954,12062440,Schilda,03253,Landkreis Elbe-Elster,Brandenburg
1314219,12066285,Schipkau,01968,Landkreis Oberspreewald-Lausitz,Brandenburg
1314219,12066285,Schipkau,01993,Landkreis Oberspreewald-Lausitz,Brandenburg
1314219,12066285,Schipkau,01994,Landkreis Oberspreewald-Lausitz,Brandenburg
1314219,12066285,Schipkau,01998,Landkreis Oberspreewald-Lausitz,Brandenburg
1605086,14625525,Schirgiswalde-Kirschau,02681,Landkreis Bautzen,Sachsen
444738,14730270,Schkeuditz,04435,Landkreis Nordsachsen,Sachsen
2406261,15088330,Schkopau,06258,Saalekreis,Sachsen-Anhalt
158147,05366036,Schleiden,53937,Kreis Euskirchen,Nordrhein-Westfalen
1310638,14626490,Schleife - Slepo,02959,Landkreis Görlitz,Sachsen
1389278,12061428,Schlepzig,15910,Landkreis Dahme-Spreewald,Brandenburg
1303815,12062445,Schlieben,04936,Landkreis Elbe-Elster,Brandenburg
1184564,10044117,Schmelz,66839,Landkreis Saarlouis,Saarland
1328962,12071341,Schmogrow-Fehrow,03096,Landkreis Spree-Neiße,Brandenburg
2527958,16077043,Schmölln,04626,Landkreis Altenburger Land,Thüringen
1307609,14625530,Schmölln-Putzkau,01877,Landkreis Bautzen,Sachsen
2404548,15084442,Schnaudertal,06712,Burgenlandkreis,Sachsen-Anhalt
418649,14626500,Schönau-Berzdorf auf dem Eigen,02899,Landkreis Görlitz,Sachsen
1311098,14626510,Schönbach,02708,Landkreis Görlitz,Sachsen
1322953,12062453,Schönborn,03253,Landkreis Elbe-Elster,Brandenburg
2403987,15084445,Schönburg,06618,Burgenlandkreis,Sachsen-Anhalt
55772,12061433,Schönefeld,12529,Landkreis Dahme-Spreewald,Brandenburg
1303472,12062461,Schönewalde,04916,Landkreis Elbe-Elster,Brandenburg
1446648,03154019,Schöningen,38364,Landkreis Helmstedt,Niedersachsen
1389280,12061435,Schönwald,15910,Landkreis Dahme-Spreewald,Brandenburg
445991,14730280,Schönwölkau,04509,Landkreis Nordsachsen,Sachsen
1311139,14626520,Schöpstal,02829,Landkreis Görlitz,Sachsen
1979187,13072094,Schorssow,17166,Landkreis Rostock,Mecklenburg-Vorpommern
1303792,12062464,Schraden,04928,Landkreis Elbe-Elster,Brandenburg
2406526,15088340,Schraplau,06279,Saalekreis,Sachsen-Anhalt
55774,12061444,Schulzendorf,15732,Landkreis Dahme-Spreewald,Brandenburg
394336,13072095,Schwaan,18258,Landkreis Rostock,Mecklenburg-Vorpommern
1184565,10044118,Schwalbach,66773,Landkreis Saarlouis,Saarland
1314280,12066292,Schwarzbach,01945,Landkreis Oberspreewald-Lausitz,Brandenburg
1314222,12066296,Schwarzheide,01987,Landkreis Oberspreewald-Lausitz,Brandenburg
2029540,13072096,Schwasdorf,17168,Landkreis Rostock,Mecklenburg-Vorpommern
1307661,14625550,Schwepnitz,01936,Landkreis Bautzen,Sachsen
1389623,12061448,Schwerin,15755,Landkreis Dahme-Spreewald,Brandenburg
158413,05978028,Schwerte,58239,Kreis Unna,Nordrhein-Westfalen
1388876,12061450,Schwielochsee,15913,Landkreis Dahme-Spreewald,Brandenburg
2408187,15087386,Seegebiet Mansfelder Land,06317,Landkreis Mansfeld-Südharz,Sachsen-Anhalt
418708,14626530,Seifhennersdorf,02782,Landkreis Görlitz,Sachsen
158040,05370024,Selfkant,52538,Kreis Heinsberg,Nordrhein-Westfalen
158455,05978032,Selm,59379,Kreis Unna,Nordrhein-Westfalen
393336,13072097,Selpin,18195,Landkreis Rostock,Mecklenburg-Vorpommern
1314216,12066304,Senftenberg,01945,Landkreis Oberspreewald-Lausitz,Brandenburg
1314216,12066304,Senftenberg,01968,Landkreis Oberspreewald-Lausitz,Brandenburg
1314216,12066304,Senftenberg,01996,Landkreis Oberspreewald-Lausitz,Brandenburg
158021,05334028,Simmerath,52152,Städteregion Aachen,Nordrhein-Westfalen
1309657,14625560,Sohland an der Spree,02689,Landkreis Bautzen,Sachsen
6683583,03154027,Söllingen,38387,Landkreis Helmstedt,Niedersachsen
1322956,12062469,Sonnewalde,03249,Landkreis Elbe-Elster,Brandenburg
1309580,14625570,Spreetal - Sprjewiny Doł,02979,Landkreis Bautzen,Sachsen
1388874,12061470,Spreewaldheide,15913,Landkreis Dahme-Spreewald,Brandenburg
1322562,12071372,Spremberg,03130,Landkreis Spree-Neiße,Brandenburg
394346,13072098,Stäbelow,18198,Landkreis Rostock,Mecklenburg-Vorpommern
2778489,16077044,Starkenberg,04617,Landkreis Altenburger Land,Thüringen
394326,13072099,Steffenshagen,18209,Landkreis Rostock,Mecklenburg-Vorpommern
2396127,15088355,Steigra,06268,Saalekreis,Sachsen-Anhalt
1307650,14625580,Steina,01920,Landkreis Bautzen,Sachsen
1959690,13072101,Steinhagen,18246,Landkreis Rostock,Mecklenburg-Vorpommern
1307626,14625590,Steinigtwolmsdorf,01904,Landkreis Bautzen,Sachsen
1389400,12061471,Steinreich,15938,Landkreis Dahme-Spreewald,Brandenburg
157996,05334032,Stolberg,52222,Städteregion Aachen,Nordrhein-Westfalen
157996,05334032,Stolberg,52223,Städteregion Aachen,Nordrhein-Westfalen
157996,05334032,Stolberg,52224,Städteregion Aachen,Nordrhein-Westfalen
2404087,15084470,Stößen,06667,Burgenlandkreis,Sachsen-Anhalt
1388879,12061476,Straupitz (Spreewald),15913,Landkreis Dahme-Spreewald,Brandenburg
393344,13072102,Stubbendorf,18195,Landkreis Rostock,Mecklenburg-Vorpommern
2398912,15087412,Südharz,06536,Landkreis Mansfeld-Südharz,Sachsen-Anhalt
2414809,15082377,Südliches Anhalt,06369,Landkreis Anhalt-Bitterfeld,Sachsen-Anhalt
2414809,15082377,Südliches Anhalt,06386,Landkreis Anhalt-Bitterfeld,Sachsen-Anhalt
2414809,15082377,Südliches Anhalt,06388,Landkreis Anhalt-Bitterfeld,Sachsen-Anhalt
2020636,13072103,Sukow-Levitzow,17168,Landkreis Rostock,Mecklenburg-Vorpommern
1184877,10041518,Sulzbach/Saar,66280,Regionalverband Saarbrücken,Saarland
1446665,03154021,Süpplingen,38373,Landkreis Helmstedt,Niedersachsen
1446658,03154022,Süpplingenburg,38376,Landkreis Helmstedt,Niedersachsen
1963383,13072104,Tarnow,18249,Landkreis Rostock,Mecklenburg-Vorpommern
445118,14730300,Taucha,04425,Landkreis Nordsachsen,Sachsen
1322806,12071384,Tauer,03185,Landkreis Spree-Neiße,Brandenburg
1322804,12071386,Teichland,03185,Landkreis Spree-Neiße,Brandenburg
393342,13072105,Tessin,18195,Landkreis Rostock,Mecklenburg-Vorpommern
1996944,13072106,Teterow,17166,Landkreis Rostock,Mecklenburg-Vorpommern
1314272,12066316,Tettau,01945,Landkreis Oberspreewald-Lausitz,Brandenburg
2405054,15084490,Teuchern,06682,Burgenlandkreis,Sachsen-Anhalt
1389622,12061492,Teupitz,15755,Landkreis Dahme-Spreewald,Brandenburg
2406635,15088365,Teutschenthal,06179,Saalekreis,Sachsen-Anhalt
422920,14729380,Thallwitz,04808,Landkreis Leipzig,Sachsen
393343,13072107,Thelkow,18195,Landkreis Rostock,Mecklenburg-Vorpommern
2778490,16077047,Thonhausen,04626,Landkreis Altenburger Land,Thüringen
393350,13072108,Thulendorf,18184,Landkreis Rostock,Mecklenburg-Vorpommern
1996948,13072109,Thürkow,17168,Landkreis Rostock,Mecklenburg-Vorpommern
158411,05358056,Titz,52445,Kreis Düren,Nordrhein-Westfalen
534447,14730310,Torgau,04860,Landkreis Nordsachsen,Sachsen
534447,14730310,Torgau,04861,Landkreis Nordsachsen,Sachsen
2714344,16077048,Treben,04617,Landkreis Altenburger Land,Thüringen
1310640,14626560,Trebendorf - Trjebin,02959,Landkreis Görlitz,Sachsen
422916,14729400,Trebsen/Mulde,04687,Landkreis Leipzig,Sachsen
1322946,12062492,Tröbitz,03253,Landkreis Elbe-Elster,Brandenburg
446700,14730320,Trossin,04880,Landkreis Nordsachsen,Sachsen
1322600,12071392,Tschernitz,03130,Landkreis Spree-Neiße,Brandenburg
1322808,12071401,Turnow-Preilack,03185,Landkreis Spree-Neiße,Brandenburg
157488,05370028,Übach-Palenberg,52531,Kreis Heinsberg,Nordrhein-Westfalen
1184560,10044119,Überherrn,66802,Landkreis Saarlouis,Saarland
1303774,12062500,Uebigau-Wahrenbrück,04895,Landkreis Elbe-Elster,Brandenburg
1303774,12062500,Uebigau-Wahrenbrück,04924,Landkreis Elbe-Elster,Brandenburg
1303774,12062500,Uebigau-Wahrenbrück,04938,Landkreis Elbe-Elster,Brandenburg
158445,05978036,Unna,59423,Kreis Unna,Nordrhein-Westfalen
158445,05978036,Unna,59425,Kreis Unna,Nordrhein-Westfalen
158445,05978036,Unna,59427,Kreis Unna,Nordrhein-Westfalen
1389283,12061510,Unterspreewald,15910,Landkreis Dahme-Spreewald,Brandenburg
1446655,03154024,Velpke,38458,Landkreis Helmstedt,Niedersachsen
1322900,12066320,Vetschau/Spreewald,03226,Landkreis Oberspreewald-Lausitz,Brandenburg
163313,05358060,Vettweiß,52391,Kreis Düren,Nordrhein-Westfalen
1310798,14626570,Vierkirchen,02894,Landkreis Görlitz,Sachsen
1184868,10041519,Völklingen,66333,Regionalverband Saarbrücken,Saarland
2778492,16077049,Vollmershain,04626,Landkreis Altenburger Land,Thüringen
1963818,13072110,Vorbeck,18258,Landkreis Rostock,Mecklenburg-Vorpommern
1307201,14625600,Wachau,01454,Landkreis Bautzen,Sachsen
1184562,10044120,Wadgassen,66787,Landkreis Saarlouis,Saarland
158038,05370032,Waldfeucht,52525,Kreis Heinsberg,Nordrhein-Westfalen
1316260,14626580,Waldhufen,02906,Landkreis Görlitz,Sachsen
9682197,13072111,Walkendorf,17179,Landkreis Rostock,Mecklenburg-Vorpommern
1184569,10044121,Wallerfangen,66798,Landkreis Saarlouis,Saarland
2397425,15087440,Wallhausen,06528,Landkreis Mansfeld-Südharz,Sachsen-Anhalt
1446637,03154025,Warberg,38378,Landkreis Helmstedt,Niedersachsen
1971867,13072112,Wardow,18299,Landkreis Rostock,Mecklenburg-Vorpommern
2027765,13072113,Warnkenhagen,17168,Landkreis Rostock,Mecklenburg-Vorpommern
1963384,13072114,Warnow,18249,Landkreis Rostock,Mecklenburg-Vorpommern
158023,05370036,Wassenberg,41849,Kreis Heinsberg,Nordrhein-Westfalen
51167,05370040,Wegberg,41844,Kreis Heinsberg,Nordrhein-Westfalen
158134,05366040,Weilerswist,53919,Kreis Euskirchen,Nordrhein-Westfalen
1309659,14625610,Weißenberg - Wóspork,02627,Landkreis Bautzen,Sachsen
2405268,15084550,Weißenfels,06667,Burgenlandkreis,Sachsen-Anhalt
2405268,15084550,Weißenfels,06688,Burgenlandkreis,Sachsen-Anhalt
1311128,14626590,Weißkeißel – Wuskidź,02957,Landkreis Görlitz,Sachsen
1310639,14626600,Weißwasser/O.L. - Běła Woda,02943,Landkreis Görlitz,Sachsen
1322548,12071408,Welzow,03119,Landkreis Spree-Neiße,Brandenburg
1322841,12071412,Werben,03096,Landkreis Spree-Neiße,Brandenburg
535245,14730330,Wermsdorf,04779,Landkreis Nordsachsen,Sachsen
158456,05978040,Werne,59368,Kreis Unna,Nordrhein-Westfalen
168448,05362040,Wesseling,50389,Rhein-Erft-Kreis,Nordrhein-Westfalen
2403988,15084560,Wethau,06618,Burgenlandkreis,Sachsen-Anhalt
2404218,15084565,Wetterzeube,06722,Burgenlandkreis,Sachsen-Anhalt
2407134,15088216,Wettin-Löbejün,06193,Saalekreis,Sachsen-Anhalt
444739,14730340,Wiedemar,04509,Landkreis Nordsachsen,Sachsen
1964353,13072116,Wiendorf,18258,Landkreis Rostock,Mecklenburg-Vorpommern
1322601,12071414,Wiesengrund,03149,Landkreis Spree-Neiße,Brandenburg
55776,12061540,Wildau,15745,Landkreis Dahme-Spreewald,Brandenburg
1309672,14625630,Wilthen,02681,Landkreis Bautzen,Sachsen
2409463,15087470,Wimmelburg,06313,Landkreis Mansfeld-Südharz,Sachsen-Anhalt
2676109,16077052,Windischleuba,04603,Landkreis Altenburger Land,Thüringen
394349,13072117,Wittenbeck,18209,Landkreis Rostock,Mecklenburg-Vorpommern
1309582,14625640,Wittichenau - Kulow,02997,Landkreis Bautzen,Sachsen
1446632,03154026,Wolsdorf,38379,Landkreis Helmstedt,Niedersachsen
157994,05334036,Würselen,52146,Städteregion Aachen,Nordrhein-Westfalen
422917,14729410,Wurzen,04808,Landkreis Leipzig,Sachsen
393341,13072118,Zarnewanz,18195,Landkreis Rostock,Mecklenburg-Vorpommern
1964782,13072119,Zehna,18276,Landkreis Rostock,Mecklenburg-Vorpommern
2404586,15084590,Zeitz,06711,Burgenlandkreis,Sachsen-Anhalt
2404586,15084590,Zeitz,06712,Burgenlandkreis,Sachsen-Anhalt
1963819,13072120,Zepelin,18246,Landkreis Rostock,Mecklenburg-Vorpommern
1070782,15082430,Zerbst/Anhalt,39261,Landkreis Anhalt-Bitterfeld,Sachsen-Anhalt
1070782,15082430,Zerbst/Anhalt,39264,Landkreis Anhalt-Bitterfeld,Sachsen-Anhalt
55775,12061572,Zeuthen,15738,Landkreis Dahme-Spreewald,Brandenburg
394323,13072121,Ziesendorf,18059,Landkreis Rostock,Mecklenburg-Vorpommern
418117,14626610,Zittau,02763,Landkreis Görlitz,Sachsen
418117,14626610,Zittau,02788,Landkreis Görlitz,Sachsen
1329608,15082440,Zörbig,06780,Landkreis Anhalt-Bitterfeld,Sachsen-Anhalt
445994,14730360,Zschepplin,04838,Landkreis Nordsachsen,Sachsen
158138,05366044,Zülpich,53909,Kreis Euskirchen,Nordrhein-Westfalen
420477,14729430,Zwenkau,04442,Landkreis Leipzig,Sachsen
62430,12052000,Cottbus - Chóśebuz,03042,Cottbus - Chóśebuz,Brandenburg
62430,12052000,Cottbus - Chóśebuz,03044,Cottbus - Chóśebuz,Brandenburg
62430,12052000,Cottbus - Chóśebuz,03046,Cottbus - Chóśebuz,Brandenburg
62430,12052000,Cottbus - Chóśebuz,03048,Cottbus - Chóśebuz,Brandenburg
62430,12052000,Cottbus - Chóśebuz,03050,Cottbus - Chóśebuz,Brandenburg
62430,12052000,Cottbus - Chóśebuz,03051,Cottbus - Chóśebuz,Brandenburg
62430,12052000,Cottbus - Chóśebuz,03052,Cottbus - Chóśebuz,Brandenburg
62430,12052000,Cottbus - Chóśebuz,03053,Cottbus - Chóśebuz,Brandenburg
62430,12052000,Cottbus - Chóśebuz,03054,Cottbus - Chóśebuz,Brandenburg
62430,12052000,Cottbus - Chóśebuz,03055,Cottbus - Chóśebuz,Brandenburg
62456,05112000,Duisburg,47051,Duisburg,Nordrhein-Westfalen
62456,05112000,Duisburg,47053,Duisburg,Nordrhein-Westfalen
62456,05112000,Duisburg,47055,Duisburg,Nordrhein-Westfalen
62456,05112000,Duisburg,47057,Duisburg,Nordrhein-Westfalen
62456,05112000,Duisburg,47058,Duisburg,Nordrhein-Westfalen
62456,05112000,Duisburg,47059,Duisburg,Nordrhein-Westfalen
62456,05112000,Duisburg,47119,Duisburg,Nordrhein-Westfalen
62456,05112000,Duisburg,47137,Duisburg,Nordrhein-Westfalen
62456,05112000,Duisburg,47138,Duisburg,Nordrhein-Westfalen
62456,05112000,Duisburg,47139,Duisburg,Nordrhein-Westfalen
62456,05112000,Duisburg,47166,Duisburg,Nordrhein-Westfalen
62456,05112000,Duisburg,47167,Duisburg,Nordrhein-Westfalen
62456,05112000,Duisburg,47169,Duisburg,Nordrhein-Westfalen
62456,05112000,Duisburg,47178,Duisburg,Nordrhein-Westfalen
62456,05112000,Duisburg,47179,Duisburg,Nordrhein-Westfalen
62456,05112000,Duisburg,47198,Duisburg,Nordrhein-Westfalen
62456,05112000,Duisburg,47199,Duisburg,Nordrhein-Westfalen
62456,05112000,Duisburg,47226,Duisburg,Nordrhein-Westfalen
62456,05112000,Duisburg,47228,Duisburg,Nordrhein-Westfalen
62456,05112000,Duisburg,47229,Duisburg,Nordrhein-Westfalen
62456,05112000,Duisburg,47239,Duisburg,Nordrhein-Westfalen
62456,05112000,Duisburg,47249,Duisburg,Nordrhein-Westfalen
62456,05112000,Duisburg,47259,Duisburg,Nordrhein-Westfalen
62456,05112000,Duisburg,47269,Duisburg,Nordrhein-Westfalen
62456,05112000,Duisburg,47279,Duisburg,Nordrhein-Westfalen
62522,05513000,Gelsenkirchen,45879,Gelsenkirchen,Nordrhein-Westfalen
62522,05513000,Gelsenkirchen,45881,Gelsenkirchen,Nordrhein-Westfalen
62522,05513000,Gelsenkirchen,45883,Gelsenkirchen,Nordrhein-Westfalen
62522,05513000,Gelsenkirchen,45884,Gelsenkirchen,Nordrhein-Westfalen
62522,05513000,Gelsenkirchen,45886,Gelsenkirchen,Nordrhein-Westfalen
62522,05513000,Gelsenkirchen,45888,Gelsenkirchen,Nordrhein-Westfalen
62522,05513000,Gelsenkirchen,45889,Gelsenkirchen,Nordrhein-Westfalen
62522,05513000,Gelsenkirchen,45891,Gelsenkirchen,Nordrhein-Westfalen
62522,05513000,Gelsenkirchen,45892,Gelsenkirchen,Nordrhein-Westfalen
62522,05513000,Gelsenkirchen,45894,Gelsenkirchen,Nordrhein-Westfalen
62522,05513000,Gelsenkirchen,45896,Gelsenkirchen,Nordrhein-Westfalen
62522,05513000,Gelsenkirchen,45897,Gelsenkirchen,Nordrhein-Westfalen
62522,05513000,Gelsenkirchen,45899,Gelsenkirchen,Nordrhein-Westfalen
62638,15002000,Halle (Saale),06108,Halle (Saale),Sachsen-Anhalt
62638,15002000,Halle (Saale),06110,Halle (Saale),Sachsen-Anhalt
62638,15002000,Halle (Saale),06112,Halle (Saale),Sachsen-Anhalt
62638,15002000,Halle (Saale),06114,Halle (Saale),Sachsen-Anhalt
62638,15002000,Halle (Saale),06116,Halle (Saale),Sachsen-Anhalt
62638,15002000,Halle (Saale),06118,Halle (Saale),Sachsen-Anhalt
62638,15002000,Halle (Saale),06120,Halle (Saale),Sachsen-Anhalt
62638,15002000,Halle (Saale),06122,Halle (Saale),Sachsen-Anhalt
62638,15002000,Halle (Saale),06124,Halle (Saale),Sachsen-Anhalt
62638,15002000,Halle (Saale),06126,Halle (Saale),Sachsen-Anhalt
62638,15002000,Halle (Saale),06128,Halle (Saale),Sachsen-Anhalt
62638,15002000,Halle (Saale),06130,Halle (Saale),Sachsen-Anhalt
62638,15002000,Halle (Saale),06132,Halle (Saale),Sachsen-Anhalt
62499,05915000,Hamm,59063,Hamm,Nordrhein-Westfalen
62499,05915000,Hamm,59065,Hamm,Nordrhein-Westfalen
62499,05915000,Hamm,59067,Hamm,Nordrhein-Westfalen
62499,05915000,Hamm,59069,Hamm,Nordrhein-Westfalen
62499,05915000,Hamm,59071,Hamm,Nordrhein-Westfalen
62499,05915000,Hamm,59073,Hamm,Nordrhein-Westfalen
62499,05915000,Hamm,59075,Hamm,Nordrhein-Westfalen
62499,05915000,Hamm,59077,Hamm,Nordrhein-Westfalen
62396,05916000,Herne,44623,Herne,Nordrhein-Westfalen
62396,05916000,Herne,44625,Herne,Nordrhein-Westfalen
62396,05916000,Herne,44627,Herne,Nordrhein-Westfalen
62396,05916000,Herne,44628,Herne,Nordrhein-Westfalen
62396,05916000,Herne,44629,Herne,Nordrhein-Westfalen
62396,05916000,Herne,44649,Herne,Nordrhein-Westfalen
62396,05916000,Herne,44651,Herne,Nordrhein-Westfalen
62396,05916000,Herne,44652,Herne,Nordrhein-Westfalen
62396,05916000,Herne,44653,Herne,Nordrhein-Westfalen
62649,14713000,Leipzig,04103,Leipzig,Sachsen
62649,14713000,Leipzig,04105,Leipzig,Sachsen
62649,14713000,Leipzig,04107,Leipzig,Sachsen
62649,14713000,Leipzig,04109,Leipzig,Sachsen
62649,14713000,Leipzig,04129,Leipzig,Sachsen
62649,14713000,Leipzig,04155,Leipzig,Sachsen
62649,14713000,Leipzig,04157,Leipzig,Sachsen
62649,14713000,Leipzig,04158,Leipzig,Sachsen
62649,14713000,Leipzig,04159,Leipzig,Sachsen
62649,14713000,Leipzig,04177,Leipzig,Sachsen
62649,14713000,Leipzig,04178,Leipzig,Sachsen
62649,14713000,Leipzig,04179,Leipzig,Sachsen
62649,14713000,Leipzig,04205,Leipzig,Sachsen
62649,14713000,Leipzig,04207,Leipzig,Sachsen
62649,14713000,Leipzig,04209,Leipzig,Sachsen
62649,14713000,Leipzig,04229,Leipzig,Sachsen
62649,14713000,Leipzig,04249,Leipzig,Sachsen
62649,14713000,Leipzig,04275,Leipzig,Sachsen
62649,14713000,Leipzig,04277,Leipzig,Sachsen
62649,14713000,Leipzig,04279,Leipzig,Sachsen
62649,14713000,Leipzig,04288,Leipzig,Sachsen
62649,14713000,Leipzig,04289,Leipzig,Sachsen
62649,14713000,Leipzig,04299,Leipzig,Sachsen
62649,14713000,Leipzig,04315,Leipzig,Sachsen
62649,14713000,Leipzig,04316,Leipzig,Sachsen
62649,14713000,Leipzig,04317,Leipzig,Sachsen
62649,14713000,Leipzig,04318,Leipzig,Sachsen
62649,14713000,Leipzig,04319,Leipzig,Sachsen
62649,14713000,Leipzig,04328,Leipzig,Sachsen
62649,14713000,Leipzig,04329,Leipzig,Sachsen
62649,14713000,Leipzig,04347,Leipzig,Sachsen
62649,14713000,Leipzig,04349,Leipzig,Sachsen
62649,14713000,Leipzig,04356,Leipzig,Sachsen
62649,14713000,Leipzig,04357,Leipzig,Sachsen
62410,05116000,Mönchengladbach,41061,Mönchengladbach,Nordrhein-Westfalen
62410,05116000,Mönchengladbach,41063,Mönchengladbach,Nordrhein-Westfalen
62410,05116000,Mönchengladbach,41065,Mönchengladbach,Nordrhein-Westfalen
62410,05116000,Mönchengladbach,41066,Mönchengladbach,Nordrhein-Westfalen
62410,05116000,Mönchengladbach,41068,Mönchengladbach,Nordrhein-Westfalen
62410,05116000,Mönchengladbach,41069,Mönchengladbach,Nordrhein-Westfalen
62410,05116000,Mönchengladbach,41169,Mönchengladbach,Nordrhein-Westfalen
62410,05116000,Mönchengladbach,41179,Mönchengladbach,Nordrhein-Westfalen
62410,05116000,Mönchengladbach,41189,Mönchengladbach,Nordrhein-Westfalen
62410,05116000,Mönchengladbach,41199,Mönchengladbach,Nordrhein-Westfalen
62410,05116000,Mönchengladbach,41236,Mönchengladbach,Nordrhein-Westfalen
62410,05116000,Mönchengladbach,41238,Mönchengladbach,Nordrhein-Westfalen
62410,05116000,Mönchengladbach,41239,Mönchengladbach,Nordrhein-Westfalen
62405,13003000,Rostock,18055,Rostock,Mecklenburg-Vorpommern
62405,13003000,Rostock,18057,Rostock,Mecklenburg-Vorpommern
62405,13003000,Rostock,18059,Rostock,Mecklenburg-Vorpommern
62405,13003000,Rostock,18069,Rostock,Mecklenburg-Vorpommern
62405,13003000,Rostock,18106,Rostock,Mecklenburg-Vorpommern
62405,13003000,Rostock,18107,Rostock,Mecklenburg-Vorpommern
62405,13003000,Rostock,18109,Rostock,Mecklenburg-Vorpommern
62405,13003000,Rostock,18119,Rostock,Mecklenburg-Vorpommern
62405,13003000,Rostock,18146,Rostock,Mecklenburg-Vorpommern
62405,13003000,Rostock,18147,Rostock,Mecklenburg-Vorpommern
62405,13003000,Rostock,18181,Rostock,Mecklenburg-Vorpommern
62405,13003000,Rostock,18182,Rostock,Mecklenburg-Vorpommern
62444,03405000,Wilhelmshaven,26382,Wilhelmshaven,Niedersachsen
62444,03405000,Wilhelmshaven,26384,Wilhelmshaven,Niedersachsen
62444,03405000,Wilhelmshaven,26386,Wilhelmshaven,Niedersachsen
62444,03405000,Wilhelmshaven,26388,Wilhelmshaven,Niedersachsen
62444,03405000,Wilhelmshaven,26389,Wilhelmshaven,Niedersachsen
