plz,Paragraph,Revier
52062,§2,Rheinisches Braunkohlerevier
52064,§2,Rheinisches Braunkohlerevier
52066,§2,Rheinisches Braunkohlerevier
52068,§2,Rheinisches Braunkohlerevier
52070,§2,Rheinisches Braunkohlerevier
52072,§2,Rheinisches Braunkohlerevier
52074,§2,Rheinisches Braunkohlerevier
52076,§2,Rheinisches Braunkohlerevier
52078,§2,Rheinisches Braunkohlerevier
52080,§2,Rheinisches Braunkohlerevier
18211,§11/12,Steinkohlenbergbaugebiete
06313,§2,Mitteldeutsches Braunkohlerevier
06385,§2,Mitteldeutsches Braunkohlerevier
06386,§2,Mitteldeutsches Braunkohlerevier
52457,§2,Rheinisches Braunkohlerevier
06542,§2,Mitteldeutsches Braunkohlerevier
52477,§2,Rheinisches Braunkohlerevier
18233,§11/12,Steinkohlenbergbaugebiete
03229,§2,Lausitzer Braunkohlerevier
04600,§11/12,Steinkohlenbergbaugebiete
17179,§11/12,Steinkohlenbergbaugebiete
17166,§11/12,Steinkohlenbergbaugebiete
15913,§2,Lausitzer Braunkohlerevier
18233,§11/12,Steinkohlenbergbaugebiete
06647,§2,Mitteldeutsches Braunkohlerevier
01477,§2,Lausitzer Braunkohlerevier
06456,§2,Mitteldeutsches Braunkohlerevier
04886,§2,Mitteldeutsches Braunkohlerevier
06647,§2,Mitteldeutsches Braunkohlerevier
18209,§11/12,Steinkohlenbergbaugebiete
04849,§2,Mitteldeutsches Braunkohlerevier
06231,§2,Mitteldeutsches Braunkohlerevier
04651,§2,Mitteldeutsches Braunkohlerevier
04895,§2,Lausitzer Braunkohlerevier
04924,§2,Lausitzer Braunkohlerevier
04931,§2,Lausitzer Braunkohlerevier
53902,§2,Rheinisches Braunkohlerevier
02953,§2,Lausitzer Braunkohlerevier
52499,§2,Rheinisches Braunkohlerevier
38459,§11/12,Steinkohlenbergbaugebiete
06632,§2,Mitteldeutsches Braunkohlerevier
06268,§2,Mitteldeutsches Braunkohlerevier
18209,§11/12,Steinkohlenbergbaugebiete
18230,§11/12,Steinkohlenbergbaugebiete
18246,§11/12,Steinkohlenbergbaugebiete
02625,§2,Lausitzer Braunkohlerevier
50181,§2,Rheinisches Braunkohlerevier
17179,§11/12,Steinkohlenbergbaugebiete
02736,§2,Lausitzer Braunkohlerevier
38382,§11/12,Steinkohlenbergbaugebiete
04886,§2,Mitteldeutsches Braunkohlerevier
04874,§2,Mitteldeutsches Braunkohlerevier
04889,§2,Mitteldeutsches Braunkohlerevier
04683,§2,Mitteldeutsches Braunkohlerevier
18258,§11/12,Steinkohlenbergbaugebiete
06308,§2,Mitteldeutsches Braunkohlerevier
04828,§2,Mitteldeutsches Braunkohlerevier
18182,§11/12,Steinkohlenbergbaugebiete
06536,§2,Mitteldeutsches Braunkohlerevier
50126,§2,Rheinisches Braunkohlerevier
50127,§2,Rheinisches Braunkohlerevier
50129,§2,Rheinisches Braunkohlerevier
59192,§11/12,Steinkohlenbergbaugebiete
18246,§11/12,Steinkohlenbergbaugebiete
18249,§11/12,Steinkohlenbergbaugebiete
02994,§2,Lausitzer Braunkohlerevier
02748,§2,Lausitzer Braunkohlerevier
15910,§2,Lausitzer Braunkohlerevier
02763,§2,Lausitzer Braunkohlerevier
15741,§2,Lausitzer Braunkohlerevier
18230,§11/12,Steinkohlenbergbaugebiete
01877,§2,Lausitzer Braunkohlerevier
06749,§2,Mitteldeutsches Braunkohlerevier
06766,§2,Mitteldeutsches Braunkohlerevier
06803,§2,Mitteldeutsches Braunkohlerevier
06808,§2,Mitteldeutsches Braunkohlerevier
18182,§11/12,Steinkohlenbergbaugebiete
53945,§2,Rheinisches Braunkohlerevier
06528,§2,Mitteldeutsches Braunkohlerevier
04564,§2,Mitteldeutsches Braunkohlerevier
59199,§11/12,Steinkohlenbergbaugebiete
18211,§11/12,Steinkohlenbergbaugebiete
04552,§2,Mitteldeutsches Braunkohlerevier
06295,§2,Mitteldeutsches Braunkohlerevier
04451,§2,Mitteldeutsches Braunkohlerevier
66359,§11/12,Steinkohlenbergbaugebiete
02943,§2,Lausitzer Braunkohlerevier
04821,§2,Mitteldeutsches Braunkohlerevier
04824,§2,Mitteldeutsches Braunkohlerevier
06242,§2,Mitteldeutsches Braunkohlerevier
06259,§2,Mitteldeutsches Braunkohlerevier
03096,§2,Lausitzer Braunkohlerevier
18258,§11/12,Steinkohlenbergbaugebiete
18184,§11/12,Steinkohlenbergbaugebiete
03205,§2,Lausitzer Braunkohlerevier
06528,§2,Mitteldeutsches Braunkohlerevier
50321,§2,Rheinisches Braunkohlerevier
03096,§2,Lausitzer Braunkohlerevier
01906,§2,Lausitzer Braunkohlerevier
18246,§11/12,Steinkohlenbergbaugebiete
15913,§2,Lausitzer Braunkohlerevier
03205,§2,Lausitzer Braunkohlerevier
18195,§11/12,Steinkohlenbergbaugebiete
18233,§11/12,Steinkohlenbergbaugebiete
04758,§2,Mitteldeutsches Braunkohlerevier
04680,§2,Mitteldeutsches Braunkohlerevier
03246,§2,Lausitzer Braunkohlerevier
01920,§2,Lausitzer Braunkohlerevier
02733,§2,Lausitzer Braunkohlerevier
53949,§2,Rheinisches Braunkohlerevier
04774,§2,Mitteldeutsches Braunkohlerevier
17166,§11/12,Steinkohlenbergbaugebiete
17166,§11/12,Steinkohlenbergbaugebiete
38461,§11/12,Steinkohlenbergbaugebiete
04509,§2,Mitteldeutsches Braunkohlerevier
01877,§2,Lausitzer Braunkohlerevier
66763,§11/12,Steinkohlenbergbaugebiete
03096,§2,Lausitzer Braunkohlerevier
18292,§11/12,Steinkohlenbergbaugebiete
03253,§2,Lausitzer Braunkohlerevier
03159,§2,Lausitzer Braunkohlerevier
01877,§2,Lausitzer Braunkohlerevier
02633,§2,Lausitzer Braunkohlerevier
02692,§2,Lausitzer Braunkohlerevier
04838,§2,Mitteldeutsches Braunkohlerevier
04626,§11/12,Steinkohlenbergbaugebiete
18299,§11/12,Steinkohlenbergbaugebiete
04880,§2,Mitteldeutsches Braunkohlerevier
41539,§2,Rheinisches Braunkohlerevier
41540,§2,Rheinisches Braunkohlerevier
41541,§2,Rheinisches Braunkohlerevier
41542,§2,Rheinisches Braunkohlerevier
03185,§2,Lausitzer Braunkohlerevier
15938,§2,Lausitzer Braunkohlerevier
03116,§2,Lausitzer Braunkohlerevier
18249,§11/12,Steinkohlenbergbaugebiete
03185,§2,Lausitzer Braunkohlerevier
04860,§2,Mitteldeutsches Braunkohlerevier
06722,§2,Mitteldeutsches Braunkohlerevier
18196,§11/12,Steinkohlenbergbaugebiete
52349,§2,Rheinisches Braunkohlerevier
52351,§2,Rheinisches Braunkohlerevier
52353,§2,Rheinisches Braunkohlerevier
52355,§2,Rheinisches Braunkohlerevier
02708,§2,Lausitzer Braunkohlerevier
02727,§2,Lausitzer Braunkohlerevier
02730,§2,Lausitzer Braunkohlerevier
06648,§2,Mitteldeutsches Braunkohlerevier
06528,§2,Mitteldeutsches Braunkohlerevier
15732,§2,Lausitzer Braunkohlerevier
04838,§2,Mitteldeutsches Braunkohlerevier
18107,§11/12,Steinkohlenbergbaugebiete
50189,§2,Rheinisches Braunkohlerevier
04880,§2,Mitteldeutsches Braunkohlerevier
06729,§2,Mitteldeutsches Braunkohlerevier
02979,§2,Lausitzer Braunkohlerevier
04523,§2,Mitteldeutsches Braunkohlerevier
04910,§2,Lausitzer Braunkohlerevier
01920,§2,Lausitzer Braunkohlerevier
66806,§11/12,Steinkohlenbergbaugebiete
50374,§2,Rheinisches Braunkohlerevier
41812,§2,Rheinisches Braunkohlerevier
52249,§2,Rheinisches Braunkohlerevier
53879,§2,Rheinisches Braunkohlerevier
53881,§2,Rheinisches Braunkohlerevier
04895,§2,Lausitzer Braunkohlerevier
06279,§2,Mitteldeutsches Braunkohlerevier
03130,§2,Lausitzer Braunkohlerevier
04936,§2,Lausitzer Braunkohlerevier
17179,§11/12,Steinkohlenbergbaugebiete
06647,§2,Mitteldeutsches Braunkohlerevier
06647,§2,Mitteldeutsches Braunkohlerevier
03238,§2,Lausitzer Braunkohlerevier
04617,§11/12,Steinkohlenbergbaugebiete
03149,§2,Lausitzer Braunkohlerevier
01909,§2,Lausitzer Braunkohlerevier
01945,§2,Lausitzer Braunkohlerevier
50226,§2,Rheinisches Braunkohlerevier
38373,§11/12,Steinkohlenbergbaugebiete
06632,§2,Mitteldeutsches Braunkohlerevier
66299,§11/12,Steinkohlenbergbaugebiete
04654,§2,Mitteldeutsches Braunkohlerevier
58730,§11/12,Steinkohlenbergbaugebiete
02953,§2,Lausitzer Braunkohlerevier
52538,§2,Rheinisches Braunkohlerevier
52511,§2,Rheinisches Braunkohlerevier
04643,§2,Mitteldeutsches Braunkohlerevier
18182,§11/12,Steinkohlenbergbaugebiete
06347,§2,Mitteldeutsches Braunkohlerevier
04617,§11/12,Steinkohlenbergbaugebiete
38384,§11/12,Steinkohlenbergbaugebiete
18276,§11/12,Steinkohlenbergbaugebiete
06632,§2,Mitteldeutsches Braunkohlerevier
18195,§11/12,Steinkohlenbergbaugebiete
17179,§11/12,Steinkohlenbergbaugebiete
02633,§2,Lausitzer Braunkohlerevier
06246,§2,Mitteldeutsches Braunkohlerevier
04603,§11/12,Steinkohlenbergbaugebiete
04626,§11/12,Steinkohlenbergbaugebiete
15938,§2,Lausitzer Braunkohlerevier
04618,§11/12,Steinkohlenbergbaugebiete
03238,§2,Lausitzer Braunkohlerevier
02826,§2,Lausitzer Braunkohlerevier
02827,§2,Lausitzer Braunkohlerevier
02828,§2,Lausitzer Braunkohlerevier
06667,§2,Mitteldeutsches Braunkohlerevier
04639,§11/12,Steinkohlenbergbaugebiete
18181,§11/12,Steinkohlenbergbaugebiete
38462,§11/12,Steinkohlenbergbaugebiete
18195,§11/12,Steinkohlenbergbaugebiete
38368,§11/12,Steinkohlenbergbaugebiete
41515,§2,Rheinisches Braunkohlerevier
41516,§2,Rheinisches Braunkohlerevier
41517,§2,Rheinisches Braunkohlerevier
04668,§2,Mitteldeutsches Braunkohlerevier
04932,§2,Lausitzer Braunkohlerevier
04539,§2,Mitteldeutsches Braunkohlerevier
02953,§2,Lausitzer Braunkohlerevier
02959,§2,Lausitzer Braunkohlerevier
02694,§2,Lausitzer Braunkohlerevier
01909,§2,Lausitzer Braunkohlerevier
01990,§2,Lausitzer Braunkohlerevier
15746,§2,Lausitzer Braunkohlerevier
01936,§2,Lausitzer Braunkohlerevier
04463,§2,Mitteldeutsches Braunkohlerevier
02692,§2,Lausitzer Braunkohlerevier
01983,§2,Lausitzer Braunkohlerevier
17166,§11/12,Steinkohlenbergbaugebiete
01900,§2,Lausitzer Braunkohlerevier
66352,§11/12,Steinkohlenbergbaugebiete
03149,§2,Lausitzer Braunkohlerevier
02779,§2,Lausitzer Braunkohlerevier
02799,§2,Lausitzer Braunkohlerevier
02708,§2,Lausitzer Braunkohlerevier
18276,§11/12,Steinkohlenbergbaugebiete
04932,§2,Lausitzer Braunkohlerevier
38464,§11/12,Steinkohlenbergbaugebiete
17166,§11/12,Steinkohlenbergbaugebiete
17168,§11/12,Steinkohlenbergbaugebiete
01945,§2,Lausitzer Braunkohlerevier
03172,§2,Lausitzer Braunkohlerevier
03096,§2,Lausitzer Braunkohlerevier
18276,§11/12,Steinkohlenbergbaugebiete
18273,§11/12,Steinkohlenbergbaugebiete
01945,§2,Lausitzer Braunkohlerevier
06712,§2,Mitteldeutsches Braunkohlerevier
18276,§11/12,Steinkohlenbergbaugebiete
02923,§2,Lausitzer Braunkohlerevier
02779,§2,Lausitzer Braunkohlerevier
15757,§2,Lausitzer Braunkohlerevier
04617,§11/12,Steinkohlenbergbaugebiete
01920,§2,Lausitzer Braunkohlerevier
15926,§2,Lausitzer Braunkohlerevier
03238,§2,Lausitzer Braunkohlerevier
15754,§2,Lausitzer Braunkohlerevier
52396,§2,Rheinisches Braunkohlerevier
03185,§2,Lausitzer Braunkohlerevier
52525,§2,Rheinisches Braunkohlerevier
06311,§2,Mitteldeutsches Braunkohlerevier
53940,§2,Rheinisches Braunkohlerevier
38350,§11/12,Steinkohlenbergbaugebiete
38372,§11/12,Steinkohlenbergbaugebiete
06313,§2,Mitteldeutsches Braunkohlerevier
01945,§2,Lausitzer Braunkohlerevier
02747,§2,Lausitzer Braunkohlerevier
04916,§2,Lausitzer Braunkohlerevier
52134,§2,Rheinisches Braunkohlerevier
06333,§2,Mitteldeutsches Braunkohlerevier
04626,§11/12,Steinkohlenbergbaugebiete
66265,§11/12,Steinkohlenbergbaugebiete
04626,§11/12,Steinkohlenbergbaugebiete
04932,§2,Lausitzer Braunkohlerevier
02627,§2,Lausitzer Braunkohlerevier
01945,§2,Lausitzer Braunkohlerevier
04936,§2,Lausitzer Braunkohlerevier
17166,§11/12,Steinkohlenbergbaugebiete
02906,§2,Lausitzer Braunkohlerevier
18209,§11/12,Steinkohlenbergbaugebiete
18211,§11/12,Steinkohlenbergbaugebiete
04934,§2,Lausitzer Braunkohlerevier
06679,§2,Mitteldeutsches Braunkohlerevier
18299,§11/12,Steinkohlenbergbaugebiete
59439,§11/12,Steinkohlenbergbaugebiete
18292,§11/12,Steinkohlenbergbaugebiete
02923,§2,Lausitzer Braunkohlerevier
02977,§2,Lausitzer Braunkohlerevier
41836,§2,Rheinisches Braunkohlerevier
52393,§2,Rheinisches Braunkohlerevier
50354,§2,Rheinisches Braunkohlerevier
52459,§2,Rheinisches Braunkohlerevier
15868,§2,Lausitzer Braunkohlerevier
03130,§2,Lausitzer Braunkohlerevier
03172,§2,Lausitzer Braunkohlerevier
03197,§2,Lausitzer Braunkohlerevier
38381,§11/12,Steinkohlenbergbaugebiete
04838,§2,Mitteldeutsches Braunkohlerevier
04626,§11/12,Steinkohlenbergbaugebiete
02796,§2,Lausitzer Braunkohlerevier
17168,§11/12,Steinkohlenbergbaugebiete
41363,§2,Rheinisches Braunkohlerevier
52428,§2,Rheinisches Braunkohlerevier
18246,§11/12,Steinkohlenbergbaugebiete
41564,§2,Rheinisches Braunkohlerevier
06184,§2,Mitteldeutsches Braunkohlerevier
06642,§2,Mitteldeutsches Braunkohlerevier
53925,§2,Rheinisches Braunkohlerevier
59174,§11/12,Steinkohlenbergbaugebiete
01917,§2,Lausitzer Braunkohlerevier
06638,§2,Mitteldeutsches Braunkohlerevier
15938,§2,Lausitzer Braunkohlerevier
18258,§11/12,Steinkohlenbergbaugebiete
06537,§2,Mitteldeutsches Braunkohlerevier
50169,§2,Rheinisches Braunkohlerevier
50170,§2,Rheinisches Braunkohlerevier
50171,§2,Rheinisches Braunkohlerevier
04567,§2,Mitteldeutsches Braunkohlerevier
18246,§11/12,Steinkohlenbergbaugebiete
66271,§11/12,Steinkohlenbergbaugebiete
18276,§11/12,Steinkohlenbergbaugebiete
06308,§2,Mitteldeutsches Braunkohlerevier
02923,§2,Lausitzer Braunkohlerevier
03099,§2,Lausitzer Braunkohlerevier
01936,§2,Lausitzer Braunkohlerevier
02829,§2,Lausitzer Braunkohlerevier
38154,§11/12,Steinkohlenbergbaugebiete
02699,§2,Lausitzer Braunkohlerevier
15711,§2,Lausitzer Braunkohlerevier
15712,§2,Lausitzer Braunkohlerevier
15713,§2,Lausitzer Braunkohlerevier
41352,§2,Rheinisches Braunkohlerevier
06366,§2,Mitteldeutsches Braunkohlerevier
06369,§2,Mitteldeutsches Braunkohlerevier
06388,§2,Mitteldeutsches Braunkohlerevier
02708,§2,Lausitzer Braunkohlerevier
02739,§2,Lausitzer Braunkohlerevier
18292,§11/12,Steinkohlenbergbaugebiete
02957,§2,Lausitzer Braunkohlerevier
15910,§2,Lausitzer Braunkohlerevier
02906,§2,Lausitzer Braunkohlerevier
04916,§2,Lausitzer Braunkohlerevier
04936,§2,Lausitzer Braunkohlerevier
06712,§2,Mitteldeutsches Braunkohlerevier
52372,§2,Rheinisches Braunkohlerevier
04617,§11/12,Steinkohlenbergbaugebiete
18198,§11/12,Steinkohlenbergbaugebiete
18236,§11/12,Steinkohlenbergbaugebiete
01945,§2,Lausitzer Braunkohlerevier
04509,§2,Mitteldeutsches Braunkohlerevier
02627,§2,Lausitzer Braunkohlerevier
18292,§11/12,Steinkohlenbergbaugebiete
18225,§11/12,Steinkohlenbergbaugebiete
18276,§11/12,Steinkohlenbergbaugebiete
18299,§11/12,Steinkohlenbergbaugebiete
18279,§11/12,Steinkohlenbergbaugebiete
18069,§11/12,Steinkohlenbergbaugebiete
06188,§2,Mitteldeutsches Braunkohlerevier
04618,§11/12,Steinkohlenbergbaugebiete
52379,§2,Rheinisches Braunkohlerevier
06628,§2,Mitteldeutsches Braunkohlerevier
06636,§2,Mitteldeutsches Braunkohlerevier
01979,§2,Lausitzer Braunkohlerevier
04838,§2,Mitteldeutsches Braunkohlerevier
04849,§2,Mitteldeutsches Braunkohlerevier
01936,§2,Lausitzer Braunkohlerevier
02991,§2,Lausitzer Braunkohlerevier
02708,§2,Lausitzer Braunkohlerevier
66822,§11/12,Steinkohlenbergbaugebiete
04936,§2,Lausitzer Braunkohlerevier
38165,§11/12,Steinkohlenbergbaugebiete
17168,§11/12,Steinkohlenbergbaugebiete
06237,§2,Mitteldeutsches Braunkohlerevier
02794,§2,Lausitzer Braunkohlerevier
01896,§2,Lausitzer Braunkohlerevier
03238,§2,Lausitzer Braunkohlerevier
15868,§2,Lausitzer Braunkohlerevier
04758,§2,Mitteldeutsches Braunkohlerevier
01945,§2,Lausitzer Braunkohlerevier
52441,§2,Rheinisches Braunkohlerevier
02708,§2,Lausitzer Braunkohlerevier
04626,§11/12,Steinkohlenbergbaugebiete
04509,§2,Mitteldeutsches Braunkohlerevier
04617,§11/12,Steinkohlenbergbaugebiete
18276,§11/12,Steinkohlenbergbaugebiete
02999,§2,Lausitzer Braunkohlerevier
04808,§2,Mitteldeutsches Braunkohlerevier
03222,§2,Lausitzer Braunkohlerevier
15907,§2,Lausitzer Braunkohlerevier
04613,§11/12,Steinkohlenbergbaugebiete
03229,§2,Lausitzer Braunkohlerevier
15926,§2,Lausitzer Braunkohlerevier
44532,§11/12,Steinkohlenbergbaugebiete
44534,§11/12,Steinkohlenbergbaugebiete
44536,§11/12,Steinkohlenbergbaugebiete
18276,§11/12,Steinkohlenbergbaugebiete
06295,§2,Mitteldeutsches Braunkohlerevier
06686,§2,Mitteldeutsches Braunkohlerevier
04827,§2,Mitteldeutsches Braunkohlerevier
02694,§2,Lausitzer Braunkohlerevier
06343,§2,Mitteldeutsches Braunkohlerevier
38368,§11/12,Steinkohlenbergbaugebiete
02829,§2,Lausitzer Braunkohlerevier
15748,§2,Lausitzer Braunkohlerevier
15913,§2,Lausitzer Braunkohlerevier
04416,§2,Mitteldeutsches Braunkohlerevier
04420,§2,Mitteldeutsches Braunkohlerevier
03238,§2,Lausitzer Braunkohlerevier
03246,§2,Lausitzer Braunkohlerevier
53894,§2,Rheinisches Braunkohlerevier
40667,§2,Rheinisches Braunkohlerevier
40668,§2,Rheinisches Braunkohlerevier
40670,§2,Rheinisches Braunkohlerevier
04626,§11/12,Steinkohlenbergbaugebiete
06721,§2,Mitteldeutsches Braunkohlerevier
06217,§2,Mitteldeutsches Braunkohlerevier
06618,§2,Mitteldeutsches Braunkohlerevier
04932,§2,Lausitzer Braunkohlerevier
52399,§2,Rheinisches Braunkohlerevier
04610,§11/12,Steinkohlenbergbaugebiete
18276,§11/12,Steinkohlenbergbaugebiete
02763,§2,Lausitzer Braunkohlerevier
15749,§2,Lausitzer Braunkohlerevier
04862,§2,Mitteldeutsches Braunkohlerevier
06618,§2,Mitteldeutsches Braunkohlerevier
18182,§11/12,Steinkohlenbergbaugebiete
52156,§2,Rheinisches Braunkohlerevier
04617,§11/12,Steinkohlenbergbaugebiete
06249,§2,Mitteldeutsches Braunkohlerevier
06255,§2,Mitteldeutsches Braunkohlerevier
06268,§2,Mitteldeutsches Braunkohlerevier
06632,§2,Mitteldeutsches Braunkohlerevier
02906,§2,Lausitzer Braunkohlerevier
04769,§2,Mitteldeutsches Braunkohlerevier
04895,§2,Lausitzer Braunkohlerevier
04931,§2,Lausitzer Braunkohlerevier
18276,§11/12,Steinkohlenbergbaugebiete
06774,§2,Mitteldeutsches Braunkohlerevier
15748,§2,Lausitzer Braunkohlerevier
66809,§11/12,Steinkohlenbergbaugebiete
06618,§2,Mitteldeutsches Braunkohlerevier
06628,§2,Mitteldeutsches Braunkohlerevier
04769,§2,Mitteldeutsches Braunkohlerevier
04683,§2,Mitteldeutsches Braunkohlerevier
01920,§2,Lausitzer Braunkohlerevier
06642,§2,Mitteldeutsches Braunkohlerevier
02829,§2,Lausitzer Braunkohlerevier
03159,§2,Lausitzer Braunkohlerevier
06268,§2,Mitteldeutsches Braunkohlerevier
02699,§2,Lausitzer Braunkohlerevier
53947,§2,Rheinisches Braunkohlerevier
18233,§11/12,Steinkohlenbergbaugebiete
03058,§2,Lausitzer Braunkohlerevier
04575,§2,Mitteldeutsches Braunkohlerevier
01936,§2,Lausitzer Braunkohlerevier
01904,§2,Lausitzer Braunkohlerevier
03103,§2,Lausitzer Braunkohlerevier
02742,§2,Lausitzer Braunkohlerevier
03103,§2,Lausitzer Braunkohlerevier
41460,§2,Rheinisches Braunkohlerevier
41462,§2,Rheinisches Braunkohlerevier
41464,§2,Rheinisches Braunkohlerevier
41466,§2,Rheinisches Braunkohlerevier
41468,§2,Rheinisches Braunkohlerevier
41469,§2,Rheinisches Braunkohlerevier
41470,§2,Rheinisches Braunkohlerevier
41472,§2,Rheinisches Braunkohlerevier
15913,§2,Lausitzer Braunkohlerevier
52385,§2,Rheinisches Braunkohlerevier
52382,§2,Rheinisches Braunkohlerevier
18211,§11/12,Steinkohlenbergbaugebiete
02906,§2,Lausitzer Braunkohlerevier
04603,§11/12,Steinkohlenbergbaugebiete
52388,§2,Rheinisches Braunkohlerevier
18195,§11/12,Steinkohlenbergbaugebiete
02692,§2,Lausitzer Braunkohlerevier
06268,§2,Mitteldeutsches Braunkohlerevier
02791,§2,Lausitzer Braunkohlerevier
01896,§2,Lausitzer Braunkohlerevier
02785,§2,Lausitzer Braunkohlerevier
02736,§2,Lausitzer Braunkohlerevier
01990,§2,Lausitzer Braunkohlerevier
04758,§2,Mitteldeutsches Braunkohlerevier
01920,§2,Lausitzer Braunkohlerevier
06721,§2,Mitteldeutsches Braunkohlerevier
06386,§2,Mitteldeutsches Braunkohlerevier
02899,§2,Lausitzer Braunkohlerevier
01458,§2,Lausitzer Braunkohlerevier
04668,§2,Mitteldeutsches Braunkohlerevier
02797,§2,Lausitzer Braunkohlerevier
01920,§2,Lausitzer Braunkohlerevier
18059,§11/12,Steinkohlenbergbaugebiete
04668,§2,Mitteldeutsches Braunkohlerevier
04523,§2,Mitteldeutsches Braunkohlerevier
03185,§2,Lausitzer Braunkohlerevier
18249,§11/12,Steinkohlenbergbaugebiete
06193,§2,Mitteldeutsches Braunkohlerevier
18276,§11/12,Steinkohlenbergbaugebiete
04928,§2,Lausitzer Braunkohlerevier
18059,§11/12,Steinkohlenbergbaugebiete
04639,§11/12,Steinkohlenbergbaugebiete
18184,§11/12,Steinkohlenbergbaugebiete
04626,§11/12,Steinkohlenbergbaugebiete
17168,§11/12,Steinkohlenbergbaugebiete
50259,§2,Rheinisches Braunkohlerevier
01896,§2,Lausitzer Braunkohlerevier
02699,§2,Lausitzer Braunkohlerevier
66346,§11/12,Steinkohlenbergbaugebiete
38368,§11/12,Steinkohlenbergbaugebiete
06268,§2,Mitteldeutsches Braunkohlerevier
66287,§11/12,Steinkohlenbergbaugebiete
02906,§2,Lausitzer Braunkohlerevier
38375,§11/12,Steinkohlenbergbaugebiete
01920,§2,Lausitzer Braunkohlerevier
04519,§2,Mitteldeutsches Braunkohlerevier
01454,§2,Lausitzer Braunkohlerevier
02627,§2,Lausitzer Braunkohlerevier
06779,§2,Mitteldeutsches Braunkohlerevier
06800,§2,Mitteldeutsches Braunkohlerevier
01920,§2,Lausitzer Braunkohlerevier
01877,§2,Lausitzer Braunkohlerevier
18209,§11/12,Steinkohlenbergbaugebiete
04565,§2,Mitteldeutsches Braunkohlerevier
66780,§11/12,Steinkohlenbergbaugebiete
02894,§2,Lausitzer Braunkohlerevier
18276,§11/12,Steinkohlenbergbaugebiete
38368,§11/12,Steinkohlenbergbaugebiete
18230,§11/12,Steinkohlenbergbaugebiete
18211,§11/12,Steinkohlenbergbaugebiete
66292,§11/12,Steinkohlenbergbaugebiete
02956,§2,Lausitzer Braunkohlerevier
15910,§2,Lausitzer Braunkohlerevier
04932,§2,Lausitzer Braunkohlerevier
52159,§2,Rheinisches Braunkohlerevier
18184,§11/12,Steinkohlenbergbaugebiete
41569,§2,Rheinisches Braunkohlerevier
02708,§2,Lausitzer Braunkohlerevier
04617,§11/12,Steinkohlenbergbaugebiete
04571,§2,Mitteldeutsches Braunkohlerevier
02929,§2,Lausitzer Braunkohlerevier
18182,§11/12,Steinkohlenbergbaugebiete
03238,§2,Lausitzer Braunkohlerevier
01945,§2,Lausitzer Braunkohlerevier
18246,§11/12,Steinkohlenbergbaugebiete
18258,§11/12,Steinkohlenbergbaugebiete
66111,§11/12,Steinkohlenbergbaugebiete
66113,§11/12,Steinkohlenbergbaugebiete
66115,§11/12,Steinkohlenbergbaugebiete
66117,§11/12,Steinkohlenbergbaugebiete
66119,§11/12,Steinkohlenbergbaugebiete
66121,§11/12,Steinkohlenbergbaugebiete
66123,§11/12,Steinkohlenbergbaugebiete
66125,§11/12,Steinkohlenbergbaugebiete
66126,§11/12,Steinkohlenbergbaugebiete
66127,§11/12,Steinkohlenbergbaugebiete
66128,§11/12,Steinkohlenbergbaugebiete
66129,§11/12,Steinkohlenbergbaugebiete
66130,§11/12,Steinkohlenbergbaugebiete
66131,§11/12,Steinkohlenbergbaugebiete
66132,§11/12,Steinkohlenbergbaugebiete
66133,§11/12,Steinkohlenbergbaugebiete
66740,§11/12,Steinkohlenbergbaugebiete
66793,§11/12,Steinkohlenbergbaugebiete
03238,§2,Lausitzer Braunkohlerevier
06198,§2,Mitteldeutsches Braunkohlerevier
06792,§2,Mitteldeutsches Braunkohlerevier
06794,§2,Mitteldeutsches Braunkohlerevier
06796,§2,Mitteldeutsches Braunkohlerevier
06809,§2,Mitteldeutsches Braunkohlerevier
06526,§2,Mitteldeutsches Braunkohlerevier
18190,§11/12,Steinkohlenbergbaugebiete
18276,§11/12,Steinkohlenbergbaugebiete
18239,§11/12,Steinkohlenbergbaugebiete
03172,§2,Lausitzer Braunkohlerevier
03253,§2,Lausitzer Braunkohlerevier
01968,§2,Lausitzer Braunkohlerevier
01993,§2,Lausitzer Braunkohlerevier
01994,§2,Lausitzer Braunkohlerevier
01998,§2,Lausitzer Braunkohlerevier
02681,§2,Lausitzer Braunkohlerevier
04435,§2,Mitteldeutsches Braunkohlerevier
06258,§2,Mitteldeutsches Braunkohlerevier
53937,§2,Rheinisches Braunkohlerevier
02959,§2,Lausitzer Braunkohlerevier
15910,§2,Lausitzer Braunkohlerevier
04936,§2,Lausitzer Braunkohlerevier
66839,§11/12,Steinkohlenbergbaugebiete
03096,§2,Lausitzer Braunkohlerevier
04626,§11/12,Steinkohlenbergbaugebiete
01877,§2,Lausitzer Braunkohlerevier
06712,§2,Mitteldeutsches Braunkohlerevier
02899,§2,Lausitzer Braunkohlerevier
02708,§2,Lausitzer Braunkohlerevier
03253,§2,Lausitzer Braunkohlerevier
06618,§2,Mitteldeutsches Braunkohlerevier
12529,§2,Lausitzer Braunkohlerevier
04916,§2,Lausitzer Braunkohlerevier
38364,§11/12,Steinkohlenbergbaugebiete
15910,§2,Lausitzer Braunkohlerevier
04509,§2,Mitteldeutsches Braunkohlerevier
02829,§2,Lausitzer Braunkohlerevier
17166,§11/12,Steinkohlenbergbaugebiete
04928,§2,Lausitzer Braunkohlerevier
06279,§2,Mitteldeutsches Braunkohlerevier
15732,§2,Lausitzer Braunkohlerevier
18258,§11/12,Steinkohlenbergbaugebiete
66773,§11/12,Steinkohlenbergbaugebiete
01945,§2,Lausitzer Braunkohlerevier
01987,§2,Lausitzer Braunkohlerevier
17168,§11/12,Steinkohlenbergbaugebiete
01936,§2,Lausitzer Braunkohlerevier
15755,§2,Lausitzer Braunkohlerevier
58239,§11/12,Steinkohlenbergbaugebiete
15913,§2,Lausitzer Braunkohlerevier
06317,§2,Mitteldeutsches Braunkohlerevier
02782,§2,Lausitzer Braunkohlerevier
52538,§2,Rheinisches Braunkohlerevier
59379,§11/12,Steinkohlenbergbaugebiete
18195,§11/12,Steinkohlenbergbaugebiete
01945,§2,Lausitzer Braunkohlerevier
01968,§2,Lausitzer Braunkohlerevier
01996,§2,Lausitzer Braunkohlerevier
52152,§2,Rheinisches Braunkohlerevier
02689,§2,Lausitzer Braunkohlerevier
38387,§11/12,Steinkohlenbergbaugebiete
03249,§2,Lausitzer Braunkohlerevier
02979,§2,Lausitzer Braunkohlerevier
15913,§2,Lausitzer Braunkohlerevier
03130,§2,Lausitzer Braunkohlerevier
18198,§11/12,Steinkohlenbergbaugebiete
04617,§11/12,Steinkohlenbergbaugebiete
18209,§11/12,Steinkohlenbergbaugebiete
06268,§2,Mitteldeutsches Braunkohlerevier
01920,§2,Lausitzer Braunkohlerevier
18246,§11/12,Steinkohlenbergbaugebiete
01904,§2,Lausitzer Braunkohlerevier
15938,§2,Lausitzer Braunkohlerevier
52222,§2,Rheinisches Braunkohlerevier
52223,§2,Rheinisches Braunkohlerevier
52224,§2,Rheinisches Braunkohlerevier
06667,§2,Mitteldeutsches Braunkohlerevier
15913,§2,Lausitzer Braunkohlerevier
18195,§11/12,Steinkohlenbergbaugebiete
06536,§2,Mitteldeutsches Braunkohlerevier
06369,§2,Mitteldeutsches Braunkohlerevier
06386,§2,Mitteldeutsches Braunkohlerevier
06388,§2,Mitteldeutsches Braunkohlerevier
17168,§11/12,Steinkohlenbergbaugebiete
66280,§11/12,Steinkohlenbergbaugebiete
38373,§11/12,Steinkohlenbergbaugebiete
38376,§11/12,Steinkohlenbergbaugebiete
18249,§11/12,Steinkohlenbergbaugebiete
04425,§2,Mitteldeutsches Braunkohlerevier
03185,§2,Lausitzer Braunkohlerevier
03185,§2,Lausitzer Braunkohlerevier
18195,§11/12,Steinkohlenbergbaugebiete
17166,§11/12,Steinkohlenbergbaugebiete
01945,§2,Lausitzer Braunkohlerevier
06682,§2,Mitteldeutsches Braunkohlerevier
15755,§2,Lausitzer Braunkohlerevier
06179,§2,Mitteldeutsches Braunkohlerevier
04808,§2,Mitteldeutsches Braunkohlerevier
18195,§11/12,Steinkohlenbergbaugebiete
04626,§11/12,Steinkohlenbergbaugebiete
18184,§11/12,Steinkohlenbergbaugebiete
17168,§11/12,Steinkohlenbergbaugebiete
52445,§2,Rheinisches Braunkohlerevier
04860,§2,Mitteldeutsches Braunkohlerevier
04861,§2,Mitteldeutsches Braunkohlerevier
04617,§11/12,Steinkohlenbergbaugebiete
02959,§2,Lausitzer Braunkohlerevier
04687,§2,Mitteldeutsches Braunkohlerevier
03253,§2,Lausitzer Braunkohlerevier
04880,§2,Mitteldeutsches Braunkohlerevier
03130,§2,Lausitzer Braunkohlerevier
03185,§2,Lausitzer Braunkohlerevier
52531,§2,Rheinisches Braunkohlerevier
66802,§11/12,Steinkohlenbergbaugebiete
04895,§2,Lausitzer Braunkohlerevier
04924,§2,Lausitzer Braunkohlerevier
04938,§2,Lausitzer Braunkohlerevier
59423,§11/12,Steinkohlenbergbaugebiete
59425,§11/12,Steinkohlenbergbaugebiete
59427,§11/12,Steinkohlenbergbaugebiete
15910,§2,Lausitzer Braunkohlerevier
38458,§11/12,Steinkohlenbergbaugebiete
03226,§2,Lausitzer Braunkohlerevier
52391,§2,Rheinisches Braunkohlerevier
02894,§2,Lausitzer Braunkohlerevier
66333,§11/12,Steinkohlenbergbaugebiete
04626,§11/12,Steinkohlenbergbaugebiete
18258,§11/12,Steinkohlenbergbaugebiete
01454,§2,Lausitzer Braunkohlerevier
66787,§11/12,Steinkohlenbergbaugebiete
52525,§2,Rheinisches Braunkohlerevier
02906,§2,Lausitzer Braunkohlerevier
17179,§11/12,Steinkohlenbergbaugebiete
66798,§11/12,Steinkohlenbergbaugebiete
06528,§2,Mitteldeutsches Braunkohlerevier
38378,§11/12,Steinkohlenbergbaugebiete
18299,§11/12,Steinkohlenbergbaugebiete
17168,§11/12,Steinkohlenbergbaugebiete
18249,§11/12,Steinkohlenbergbaugebiete
41849,§2,Rheinisches Braunkohlerevier
41844,§2,Rheinisches Braunkohlerevier
53919,§2,Rheinisches Braunkohlerevier
02627,§2,Lausitzer Braunkohlerevier
06667,§2,Mitteldeutsches Braunkohlerevier
06688,§2,Mitteldeutsches Braunkohlerevier
02957,§2,Lausitzer Braunkohlerevier
02943,§2,Lausitzer Braunkohlerevier
03119,§2,Lausitzer Braunkohlerevier
03096,§2,Lausitzer Braunkohlerevier
04779,§2,Mitteldeutsches Braunkohlerevier
59368,§11/12,Steinkohlenbergbaugebiete
50389,§2,Rheinisches Braunkohlerevier
06618,§2,Mitteldeutsches Braunkohlerevier
06722,§2,Mitteldeutsches Braunkohlerevier
06193,§2,Mitteldeutsches Braunkohlerevier
04509,§2,Mitteldeutsches Braunkohlerevier
18258,§11/12,Steinkohlenbergbaugebiete
03149,§2,Lausitzer Braunkohlerevier
15745,§2,Lausitzer Braunkohlerevier
02681,§2,Lausitzer Braunkohlerevier
06313,§2,Mitteldeutsches Braunkohlerevier
04603,§11/12,Steinkohlenbergbaugebiete
18209,§11/12,Steinkohlenbergbaugebiete
02997,§2,Lausitzer Braunkohlerevier
38379,§11/12,Steinkohlenbergbaugebiete
52146,§2,Rheinisches Braunkohlerevier
04808,§2,Mitteldeutsches Braunkohlerevier
18195,§11/12,Steinkohlenbergbaugebiete
18276,§11/12,Steinkohlenbergbaugebiete
06711,§2,Mitteldeutsches Braunkohlerevier
06712,§2,Mitteldeutsches Braunkohlerevier
18246,§11/12,Steinkohlenbergbaugebiete
39261,§2,Mitteldeutsches Braunkohlerevier
39264,§2,Mitteldeutsches Braunkohlerevier
15738,§2,Lausitzer Braunkohlerevier
18059,§11/12,Steinkohlenbergbaugebiete
02763,§2,Lausitzer Braunkohlerevier
02788,§2,Lausitzer Braunkohlerevier
06780,§2,Mitteldeutsches Braunkohlerevier
04838,§2,Mitteldeutsches Braunkohlerevier
53909,§2,Rheinisches Braunkohlerevier
04442,§2,Mitteldeutsches Braunkohlerevier
03042,§2,Lausitzer Braunkohlerevier
03044,§2,Lausitzer Braunkohlerevier
03046,§2,Lausitzer Braunkohlerevier
03048,§2,Lausitzer Braunkohlerevier
03050,§2,Lausitzer Braunkohlerevier
03051,§2,Lausitzer Braunkohlerevier
03052,§2,Lausitzer Braunkohlerevier
03053,§2,Lausitzer Braunkohlerevier
03054,§2,Lausitzer Braunkohlerevier
03055,§2,Lausitzer Braunkohlerevier
47051,§11/12,Steinkohlenbergbaugebiete
47053,§11/12,Steinkohlenbergbaugebiete
47055,§11/12,Steinkohlenbergbaugebiete
47057,§11/12,Steinkohlenbergbaugebiete
47058,§11/12,Steinkohlenbergbaugebiete
47059,§11/12,Steinkohlenbergbaugebiete
47119,§11/12,Steinkohlenbergbaugebiete
47137,§11/12,Steinkohlenbergbaugebiete
47138,§11/12,Steinkohlenbergbaugebiete
47139,§11/12,Steinkohlenbergbaugebiete
47166,§11/12,Steinkohlenbergbaugebiete
47167,§11/12,Steinkohlenbergbaugebiete
47169,§11/12,Steinkohlenbergbaugebiete
47178,§11/12,Steinkohlenbergbaugebiete
47179,§11/12,Steinkohlenbergbaugebiete
47198,§11/12,Steinkohlenbergbaugebiete
47199,§11/12,Steinkohlenbergbaugebiete
47226,§11/12,Steinkohlenbergbaugebiete
47228,§11/12,Steinkohlenbergbaugebiete
47229,§11/12,Steinkohlenbergbaugebiete
47239,§11/12,Steinkohlenbergbaugebiete
47249,§11/12,Steinkohlenbergbaugebiete
47259,§11/12,Steinkohlenbergbaugebiete
47269,§11/12,Steinkohlenbergbaugebiete
47279,§11/12,Steinkohlenbergbaugebiete
45879,§11/12,Steinkohlenbergbaugebiete
45881,§11/12,Steinkohlenbergbaugebiete
45883,§11/12,Steinkohlenbergbaugebiete
45884,§11/12,Steinkohlenbergbaugebiete
45886,§11/12,Steinkohlenbergbaugebiete
45888,§11/12,Steinkohlenbergbaugebiete
45889,§11/12,Steinkohlenbergbaugebiete
45891,§11/12,Steinkohlenbergbaugebiete
45892,§11/12,Steinkohlenbergbaugebiete
45894,§11/12,Steinkohlenbergbaugebiete
45896,§11/12,Steinkohlenbergbaugebiete
45897,§11/12,Steinkohlenbergbaugebiete
45899,§11/12,Steinkohlenbergbaugebiete
06108,§2,Mitteldeutsches Braunkohlerevier
06110,§2,Mitteldeutsches Braunkohlerevier
06112,§2,Mitteldeutsches Braunkohlerevier
06114,§2,Mitteldeutsches Braunkohlerevier
06116,§2,Mitteldeutsches Braunkohlerevier
06118,§2,Mitteldeutsches Braunkohlerevier
06120,§2,Mitteldeutsches Braunkohlerevier
06122,§2,Mitteldeutsches Braunkohlerevier
06124,§2,Mitteldeutsches Braunkohlerevier
06126,§2,Mitteldeutsches Braunkohlerevier
06128,§2,Mitteldeutsches Braunkohlerevier
06130,§2,Mitteldeutsches Braunkohlerevier
06132,§2,Mitteldeutsches Braunkohlerevier
59063,§11/12,Steinkohlenbergbaugebiete
59065,§11/12,Steinkohlenbergbaugebiete
59067,§11/12,Steinkohlenbergbaugebiete
59069,§11/12,Steinkohlenbergbaugebiete
59071,§11/12,Steinkohlenbergbaugebiete
59073,§11/12,Steinkohlenbergbaugebiete
59075,§11/12,Steinkohlenbergbaugebiete
59077,§11/12,Steinkohlenbergbaugebiete
44623,§11/12,Steinkohlenbergbaugebiete
44625,§11/12,Steinkohlenbergbaugebiete
44627,§11/12,Steinkohlenbergbaugebiete
44628,§11/12,Steinkohlenbergbaugebiete
44629,§11/12,Steinkohlenbergbaugebiete
44649,§11/12,Steinkohlenbergbaugebiete
44651,§11/12,Steinkohlenbergbaugebiete
44652,§11/12,Steinkohlenbergbaugebiete
44653,§11/12,Steinkohlenbergbaugebiete
04103,§2,Mitteldeutsches Braunkohlerevier
04105,§2,Mitteldeutsches Braunkohlerevier
04107,§2,Mitteldeutsches Braunkohlerevier
04109,§2,Mitteldeutsches Braunkohlerevier
04129,§2,Mitteldeutsches Braunkohlerevier
04155,§2,Mitteldeutsches Braunkohlerevier
04157,§2,Mitteldeutsches Braunkohlerevier
04158,§2,Mitteldeutsches Braunkohlerevier
04159,§2,Mitteldeutsches Braunkohlerevier
04177,§2,Mitteldeutsches Braunkohlerevier
04178,§2,Mitteldeutsches Braunkohlerevier
04179,§2,Mitteldeutsches Braunkohlerevier
04205,§2,Mitteldeutsches Braunkohlerevier
04207,§2,Mitteldeutsches Braunkohlerevier
04209,§2,Mitteldeutsches Braunkohlerevier
04229,§2,Mitteldeutsches Braunkohlerevier
04249,§2,Mitteldeutsches Braunkohlerevier
04275,§2,Mitteldeutsches Braunkohlerevier
04277,§2,Mitteldeutsches Braunkohlerevier
04279,§2,Mitteldeutsches Braunkohlerevier
04288,§2,Mitteldeutsches Braunkohlerevier
04289,§2,Mitteldeutsches Braunkohlerevier
04299,§2,Mitteldeutsches Braunkohlerevier
04315,§2,Mitteldeutsches Braunkohlerevier
04316,§2,Mitteldeutsches Braunkohlerevier
04317,§2,Mitteldeutsches Braunkohlerevier
04318,§2,Mitteldeutsches Braunkohlerevier
04319,§2,Mitteldeutsches Braunkohlerevier
04328,§2,Mitteldeutsches Braunkohlerevier
04329,§2,Mitteldeutsches Braunkohlerevier
04347,§2,Mitteldeutsches Braunkohlerevier
04349,§2,Mitteldeutsches Braunkohlerevier
04356,§2,Mitteldeutsches Braunkohlerevier
04357,§2,Mitteldeutsches Braunkohlerevier
41061,§2,Rheinisches Braunkohlerevier
41063,§2,Rheinisches Braunkohlerevier
41065,§2,Rheinisches Braunkohlerevier
41066,§2,Rheinisches Braunkohlerevier
41068,§2,Rheinisches Braunkohlerevier
41069,§2,Rheinisches Braunkohlerevier
41169,§2,Rheinisches Braunkohlerevier
41179,§2,Rheinisches Braunkohlerevier
41189,§2,Rheinisches Braunkohlerevier
41199,§2,Rheinisches Braunkohlerevier
41236,§2,Rheinisches Braunkohlerevier
41238,§2,Rheinisches Braunkohlerevier
41239,§2,Rheinisches Braunkohlerevier
18055,§11/12,Steinkohlenbergbaugebiete
18057,§11/12,Steinkohlenbergbaugebiete
18059,§11/12,Steinkohlenbergbaugebiete
18069,§11/12,Steinkohlenbergbaugebiete
18106,§11/12,Steinkohlenbergbaugebiete
18107,§11/12,Steinkohlenbergbaugebiete
18109,§11/12,Steinkohlenbergbaugebiete
18119,§11/12,Steinkohlenbergbaugebiete
18146,§11/12,Steinkohlenbergbaugebiete
18147,§11/12,Steinkohlenbergbaugebiete
18181,§11/12,Steinkohlenbergbaugebiete
18182,§11/12,Steinkohlenbergbaugebiete
26382,§11/12,Steinkohlenbergbaugebiete
26384,§11/12,Steinkohlenbergbaugebiete
26386,§11/12,Steinkohlenbergbaugebiete
26388,§11/12,Steinkohlenbergbaugebiete
26389,§11/12,Steinkohlenbergbaugebiete
